step,system_total_stopped,system_total_waiting_time,system_mean_waiting_time,system_mean_speed,TL_stopped,TL_accumulated_waiting_time,TL_average_speed,agents_total_stopped,agents_total_accumulated_waiting_time
0.0,0,0.0,0.0,0.0,0,0.0,1.0,0,0.0
5.0,0,0.0,0.0,0.0,0,0.0,1.0,0,0.0
10.0,0,0.0,0.0,0.0,0,0.0,1.0,0,0.0
15.0,0,0.0,0.0,11.664399932778906,0,0.0,0.8436347766709358,0,0.0
20.0,0,0.0,0.0,13.566117051657718,0,0.0,0.9773294927239048,0,0.0
25.0,0,0.0,0.0,13.614103932009973,0,0.0,0.9824783298679691,0,0.0
30.0,0,0.0,0.0,13.197934404764922,0,0.0,0.9222969757748519,0,0.0
35.0,0,0.0,0.0,13.497953128938887,0,0.0,0.9693188511659816,0,0.0
40.0,0,0.0,0.0,13.635668227759595,0,0.0,0.9597873194774008,0,0.0
45.0,0,0.0,0.0,13.689004032685517,0,0.0,0.9665847084199969,0,0.0
50.0,0,0.0,0.0,13.778052824561357,0,0.0,0.9742387090037808,0,0.0
55.0,0,0.0,0.0,13.00721534065072,0,0.0,0.9409154076003413,0,0.0
60.0,0,0.0,0.0,13.125577203207527,0,0.0,0.9404311998762568,0,0.0
65.0,0,0.0,0.0,12.806090715914936,0,0.0,0.9209453781760301,0,0.0
70.0,1,3.0,0.25,12.533581968723404,1,3.0,0.9007952016321307,1,3.0
75.0,1,8.0,0.5714285714285714,11.653115319774084,1,8.0,0.8411666677328984,1,8.0
80.0,2,18.0,1.2857142857142858,10.643026318485678,2,18.0,0.7764888760406101,2,18.0
85.0,2,23.0,1.4375,10.348855604122136,2,32.0,0.7443359376211055,2,32.0
90.0,3,35.0,2.1875,10.339169857539968,3,35.0,0.773913489901649,3,35.0
95.0,3,50.0,2.6315789473684212,10.410216887786135,3,50.0,0.7439179737602911,3,50.0
100.0,4,68.0,2.8333333333333335,10.416122174153749,4,68.0,0.7286959118328001,4,68.0
105.0,3,80.0,2.962962962962963,11.074630747717139,3,91.0,0.7804110944689994,3,91.0
110.0,4,96.0,3.310344827586207,10.350484997948309,4,96.0,0.7853380133619907,4,96.0
115.0,5,120.0,4.137931034482759,10.37453029681384,5,120.0,0.7573916020709803,5,120.0
120.0,6,149.0,4.966666666666667,10.299912963503273,6,149.0,0.7187008429080805,6,149.0
125.0,6,179.0,5.264705882352941,10.454552954030717,6,182.0,0.728151899561251,6,182.0
130.0,8,214.0,6.114285714285714,10.004710626575985,8,214.0,0.7053164087025547,8,214.0
135.0,9,251.0,6.605263157894737,9.527063816764187,9,257.0,0.6608341189047974,9,257.0
140.0,10,298.0,7.2682926829268295,9.793434272495421,10,298.0,0.685821785899157,10,298.0
145.0,9,337.0,7.837209302325581,9.867465563560268,9,347.0,0.6878820099912019,9,347.0
150.0,10,387.0,8.23404255319149,10.080577855652018,10,387.0,0.6940068327844591,10,387.0
155.0,11,438.0,9.319148936170214,9.668624325991278,11,438.0,0.6465514226488277,11,438.0
160.0,13,501.0,9.452830188679245,9.458462902855983,13,501.0,0.6160093528641022,13,501.0
165.0,13,554.0,9.719298245614034,9.582903397516777,13,573.0,0.6302871701552574,13,573.0
170.0,13,619.0,10.491525423728813,9.93479176671712,13,619.0,0.6744896351843016,13,619.0
175.0,14,687.0,10.904761904761905,10.174399877219518,14,687.0,0.6859120599176035,14,687.0
180.0,15,760.0,11.176470588235293,10.266663090687842,15,760.0,0.6923329713151307,15,760.0
185.0,11,395.0,5.563380281690141,10.105862486900584,11,832.0,0.6748115086998632,11,832.0
190.0,7,189.0,2.423076923076923,10.406838219989755,7,329.0,0.7620867581169469,7,329.0
195.0,13,239.0,2.8795180722891565,10.086044938885934,13,379.0,0.6978600580445989,13,379.0
200.0,18,323.0,3.8452380952380953,10.341638614163084,18,463.0,0.6939583187809238,18,463.0
205.0,16,359.0,4.378048780487805,9.93011014173061,16,479.0,0.6548070860148569,16,479.0
210.0,13,394.0,4.690476190476191,10.391951802021623,13,397.0,0.7480746397984384,13,397.0
215.0,15,463.0,5.087912087912088,10.146581310670287,15,466.0,0.6980527444207353,15,466.0
220.0,22,559.0,5.762886597938144,9.882379453364278,22,562.0,0.6495385173545518,22,562.0
225.0,19,626.0,6.26,9.934566660332122,19,673.0,0.6397699386559554,19,673.0
230.0,17,690.0,6.634615384615385,9.993341908638142,17,690.0,0.7027976460210689,17,690.0
235.0,20,771.0,6.945945945945946,10.037387152422916,20,780.0,0.6671208201494709,20,780.0
240.0,25,885.0,7.629310344827586,10.171305402872463,25,885.0,0.6496704336456434,25,885.0
245.0,24,970.0,8.290598290598291,9.898084799095118,24,1012.0,0.6095700443783426,24,1012.0
250.0,21,1035.0,8.625,9.628610850386485,21,1064.0,0.625062325705321,21,1064.0
255.0,26,1152.0,9.520661157024794,9.870803441352596,26,1186.0,0.6242405709286629,26,1186.0
260.0,30,1297.0,10.293650793650794,10.056688365682101,30,1326.0,0.6401089266842489,30,1326.0
265.0,28,1393.0,10.8828125,9.808025868554864,28,1455.0,0.6289661325848598,28,1455.0
270.0,24,1464.0,11.4375,9.61336232188645,24,1491.0,0.6491199435205791,24,1491.0
275.0,32,1595.0,11.814814814814815,9.158500032700942,32,1630.0,0.5874083364866659,32,1630.0
280.0,42,1788.0,12.956521739130435,8.93184773656193,42,1815.0,0.5487237061055454,42,1815.0
285.0,44,1953.0,13.46896551724138,8.391523347748478,44,2013.0,0.5017334291070743,44,2013.0
290.0,39,2087.0,14.197278911564625,8.256614273668077,39,2121.0,0.5332055004210615,39,2121.0
295.0,49,2298.0,15.63265306122449,8.166716728757432,49,2342.0,0.5202157892972089,49,2342.0
300.0,54,2560.0,17.066666666666666,8.115431871363873,54,2594.0,0.499096839392832,54,2594.0
305.0,53,2771.0,18.11111111111111,8.05005901855889,53,2850.0,0.491585335205364,53,2850.0
310.0,44,2925.0,18.993506493506494,8.192157012024413,44,2956.0,0.5269001712833377,44,2956.0
315.0,51,3157.0,20.237179487179485,8.041770699079416,51,3188.0,0.49543593089223836,51,3188.0
320.0,60,3445.0,21.94267515923567,7.829240854456597,60,3476.0,0.4685040922959524,60,3476.0
325.0,61,3694.0,23.0875,7.454588331700873,61,3762.0,0.4378667133383546,61,3762.0
330.0,52,3869.0,23.736196319018404,7.3184447097873635,52,3928.0,0.4405739949925145,52,3928.0
335.0,61,4154.0,24.726190476190474,7.297988995709424,61,4213.0,0.44373992543177126,61,4213.0
340.0,75,4506.0,25.748571428571427,7.1967601335927744,75,4565.0,0.42027909150972986,75,4565.0
345.0,76,4830.0,26.39344262295082,7.099306023703093,76,4930.0,0.40877340420873054,76,4930.0
350.0,65,5044.0,26.97326203208556,7.282745942811209,65,5114.0,0.44159564186701117,65,5114.0
355.0,75,5390.0,28.670212765957448,7.132250446575352,75,5460.0,0.4284480829942971,75,5460.0
360.0,86,5801.0,29.9020618556701,7.159776040616107,86,5871.0,0.4245987209291584,86,5871.0
365.0,84,5209.0,25.787128712871286,7.116452919237953,84,6306.0,0.418686928039073,84,6306.0
370.0,62,2487.0,12.373134328358208,7.182330461762641,62,4731.0,0.45647106516731706,62,4731.0
375.0,42,1848.0,9.10344827586207,7.68590100611964,42,4237.0,0.49368351135000704,42,4237.0
380.0,34,1917.0,9.305825242718447,8.578013054762142,34,3252.0,0.5462179650254272,34,3252.0
385.0,36,2096.0,9.84037558685446,9.454027611510456,36,2652.0,0.585436394947285,36,2652.0
390.0,44,2302.0,10.706976744186047,9.55839407484324,44,2481.0,0.5677603231515236,44,2481.0
395.0,59,2561.0,11.484304932735427,9.084580807025036,59,2709.0,0.5028884812112646,59,2709.0
400.0,72,2900.0,12.831858407079647,8.740690635905962,72,3048.0,0.46656995408536395,72,3048.0
405.0,72,2973.0,12.92608695652174,8.516290137697004,72,3425.0,0.45165431910825676,72,3425.0
410.0,51,2286.0,9.896103896103897,8.602524036320254,51,3052.0,0.4838964961744764,51,3052.0
415.0,38,2261.0,9.830434782608696,8.862360638496373,38,3014.0,0.5074051219300719,38,3014.0
420.0,39,2403.0,10.182203389830509,9.3317234690765,39,2849.0,0.5312867741538067,39,2849.0
425.0,48,2592.0,10.493927125506072,9.573319682282397,48,3030.0,0.5282170131466348,48,3030.0
430.0,66,2883.0,11.913223140495868,8.983587048221075,66,3302.0,0.48015746054545605,66,3302.0
435.0,74,3183.0,12.88663967611336,8.60691532721159,74,3668.0,0.4706075532851015,74,3668.0
440.0,58,3294.0,13.28225806451613,8.606190022052347,58,3699.0,0.5105389569910473,58,3699.0
445.0,57,3528.0,13.944664031620553,8.915364110006646,57,3819.0,0.5605055274296166,57,3819.0
450.0,59,3822.0,15.227091633466136,9.15108696604284,59,3997.0,0.5742149279833066,59,3997.0
455.0,67,4146.0,16.51792828685259,9.414555043084903,67,4246.0,0.5729086982957441,67,4246.0
460.0,71,4488.0,17.328185328185327,9.47956842623274,71,4571.0,0.5560041901494831,71,4571.0
465.0,74,4851.0,18.30566037735849,9.572133424242564,74,4934.0,0.5603744651885919,74,4934.0
470.0,78,5233.0,19.821969696969695,9.204981948886282,78,5316.0,0.5515761662164064,78,5316.0
475.0,83,5639.0,21.041044776119403,8.879591036632826,83,5722.0,0.5360755358001185,83,5722.0
480.0,90,6076.0,21.54609929078014,8.73511456581632,90,6159.0,0.528927033864006,90,6159.0
485.0,97,6548.0,22.975438596491227,8.598453122138793,97,6631.0,0.5295626683805872,97,6631.0
490.0,102,7043.0,24.20274914089347,8.44711693953181,102,7126.0,0.5084172946341197,102,7126.0
495.0,107,7571.0,25.406040268456376,8.355354309820438,107,7654.0,0.49315293656611553,107,7654.0
500.0,112,8117.0,27.4222972972973,7.986834508965874,112,8200.0,0.4607727597899633,112,8200.0
505.0,117,8695.0,29.276094276094277,7.783104056886219,117,8778.0,0.4547668512963528,117,8778.0
510.0,123,9300.0,31.41891891891892,7.536184720531678,123,9383.0,0.4485704474969635,123,9383.0
515.0,126,9806.0,33.01683501683502,7.184959604531672,126,9927.0,0.4370798247954274,126,9927.0
520.0,135,10259.0,34.42617449664429,6.703526755486509,135,10475.0,0.4128110105706841,135,10475.0
525.0,146,10968.0,36.68227424749164,6.180327018226895,146,11127.0,0.3760368159824111,146,11127.0
530.0,158,11736.0,37.61538461538461,6.09503155277982,158,11819.0,0.3617292774666418,158,11819.0
535.0,166,12555.0,39.73101265822785,5.969025558931394,166,12638.0,0.3516438628997022,166,12638.0
540.0,177,13423.0,41.55727554179567,5.619283833025641,177,13507.0,0.3235642401297949,177,13507.0
545.0,188,14343.0,43.20180722891566,5.56513337950548,188,14427.0,0.3227220661743816,188,14427.0
550.0,196,15307.0,45.82934131736527,5.184184366613631,196,15391.0,0.3132790148281161,196,15391.0
555.0,210,16325.0,48.15634218289085,4.7460927217376465,210,16409.0,0.2965989269520332,210,16409.0
560.0,217,17396.0,50.865497076023395,4.5199002370970955,217,17484.0,0.2841159609496717,217,17484.0
565.0,231,18523.0,53.38040345821326,4.1722693666373125,231,18611.0,0.2686984018089404,231,18611.0
570.0,240,19706.0,54.43646408839779,4.291079382110777,240,19794.0,0.27718674836848833,240,19794.0
575.0,249,20928.0,56.40970350404313,4.0485537597228225,249,21016.0,0.2686583621658426,249,21016.0
580.0,262,22209.0,58.29133858267716,3.944681974540324,262,22297.0,0.2637915516305297,262,22297.0
585.0,270,23547.0,61.3203125,3.800555583172919,270,23635.0,0.25879454153389525,270,23635.0
590.0,275,24912.0,63.71355498721228,3.6961819474691477,275,25000.0,0.2551327626440249,275,25000.0
595.0,285,26313.0,65.94736842105263,3.5581722766778596,285,26402.0,0.24416681598529008,285,26402.0
600.0,293,26540.0,65.6930693069307,3.2104775955315064,293,27860.0,0.22438355809667568,293,27860.0
605.0,277,22861.0,55.086746987951805,3.272059620824075,277,26976.0,0.2294626496366517,277,26976.0
610.0,264,20294.0,48.09004739336493,3.387993898267662,264,26782.0,0.23031913534193788,264,26782.0
615.0,253,18646.0,42.57077625570776,3.849333251246809,253,26165.0,0.24393375969162356,253,26165.0
620.0,245,17520.0,39.02004454342985,4.300619583934381,245,25037.0,0.25191263505107353,245,25037.0
625.0,216,16254.0,35.48908296943232,4.772225524000217,216,23805.0,0.26503059497111653,216,23805.0
630.0,212,15416.0,33.01070663811563,4.893884235279861,212,24647.0,0.26704645709319935,212,24647.0
635.0,186,12394.0,25.87473903966597,5.073089575184897,186,24290.0,0.28286591411885514,186,24290.0
640.0,172,10783.0,21.827935222672064,5.3440892540367155,172,24573.0,0.2968302766635843,172,24573.0
645.0,169,9606.0,19.13545816733068,5.560418278259771,169,24071.0,0.296910248615774,169,24071.0
650.0,166,9369.0,18.406679764243616,5.92645696752368,166,23541.0,0.3033587833344883,166,23541.0
655.0,163,9520.0,18.449612403100776,6.1373316413079095,163,23154.0,0.3010967292453245,163,23154.0
660.0,172,10238.0,19.50095238095238,6.449163207125611,172,23031.0,0.31216687768326123,172,23031.0
665.0,184,11123.0,20.907894736842106,6.722949418096034,184,23128.0,0.31737220957547774,184,23128.0
670.0,210,11980.0,22.43445692883895,6.453698262464779,210,23938.0,0.29882472509733643,210,23938.0
675.0,236,12952.0,24.437735849056605,5.916382847893838,236,24919.0,0.26264165509980375,236,24919.0
680.0,270,14223.0,26.785310734463277,5.337777106183483,270,26094.0,0.21961110045314636,270,26094.0
685.0,308,15680.0,30.095969289827256,4.900075277305211,308,27508.0,0.20425889832387487,308,27508.0
690.0,324,17273.0,32.65217391304348,4.83030551234265,324,29103.0,0.20933115698802604,324,29103.0
695.0,336,18924.0,35.57142857142857,4.642864204861638,336,30754.0,0.19996034393215242,336,30754.0
700.0,346,20632.0,38.709193245778614,4.402638076526661,346,32462.0,0.1916179817944064,346,32462.0
705.0,357,22395.0,41.85981308411215,4.18534700334233,357,34225.0,0.19601088101445802,357,34225.0
710.0,362,24199.0,45.14738805970149,4.060490988640757,362,36029.0,0.20332523207967967,362,36029.0
715.0,372,26039.0,49.22306238185255,3.7042538260313322,372,37869.0,0.19794702340496806,372,37869.0
720.0,382,27926.0,53.09125475285171,3.4085738309886136,382,39756.0,0.19626017728884837,382,39756.0
725.0,394,29874.0,56.47258979206049,3.1274835163904044,394,41704.0,0.19193978981442916,394,41704.0
730.0,398,31266.0,58.99245283018868,3.020740882097131,398,43701.0,0.19194444737540972,398,43701.0
735.0,377,30248.0,56.538317757009345,2.9562476594915337,377,43148.0,0.19256670383844093,377,43148.0
740.0,371,29799.0,54.97970479704797,2.921452949087666,371,43100.0,0.18809059594599567,371,43100.0
745.0,348,28767.0,52.208711433756804,3.3035500959433,348,42403.0,0.20605776425523906,348,42403.0
750.0,338,28108.0,49.92539964476021,3.796375725154128,338,41146.0,0.21887102497520747,338,41146.0
755.0,326,27220.0,47.5043630017452,4.072923596764972,326,40462.0,0.2203021652969196,326,40462.0
760.0,308,25875.0,44.23076923076923,4.2014054475250955,308,41196.0,0.22210597370886917,308,41196.0
765.0,283,22489.0,37.54424040066778,4.242163304286628,283,41199.0,0.22433296515840426,283,41199.0
770.0,264,20039.0,32.69004893964111,4.442313357717301,264,41598.0,0.2347602132936657,264,41598.0
775.0,253,18223.0,28.925396825396824,4.693609223980497,253,41539.0,0.24481913021201446,253,41539.0
780.0,240,17083.0,26.650546021840874,4.973998023564468,240,41240.0,0.24909805112106026,240,41240.0
785.0,217,16420.0,25.068702290076335,5.391143171578312,217,40873.0,0.26504233395204757,217,40873.0
790.0,224,16691.0,25.023988005997,5.74087804570264,224,40694.0,0.2843044464328683,224,40694.0
795.0,232,17370.0,25.771513353115726,5.897469439027801,232,40593.0,0.2910449395794522,232,40593.0
800.0,243,18412.0,26.91812865497076,6.007234149114288,243,40636.0,0.29105095161235645,243,40636.0
805.0,261,19656.0,28.48695652173913,6.034793685351831,261,41056.0,0.2907777375667762,261,41056.0
810.0,286,20733.0,29.917748917748916,5.721526762503895,286,42394.0,0.2724415161712862,286,42394.0
815.0,294,20748.0,29.682403433476395,5.514724998652032,294,41280.0,0.26212598379243124,294,41280.0
820.0,314,21160.0,30.01418439716312,5.475778201487793,314,41569.0,0.2639052997340086,314,41569.0
825.0,323,21583.0,30.657670454545453,5.299865989103656,323,40529.0,0.2467470399363332,323,40529.0
830.0,337,22107.0,31.180535966149506,5.2333335185145975,337,39917.0,0.2325825523653634,337,39917.0
835.0,343,22751.0,31.9985935302391,5.309145503489773,343,38983.0,0.23461879620617782,343,38983.0
840.0,330,23200.0,32.49299719887955,5.520228326970641,330,38141.0,0.25170112377532267,330,38141.0
845.0,333,23831.0,33.423562412342214,5.427378595595132,333,37686.0,0.2480387477062691,333,37686.0
850.0,310,24165.0,34.13135593220339,5.546183974284701,310,37006.0,0.2545572041983844,310,37006.0
855.0,309,24642.0,35.00284090909091,5.32595947942936,309,38208.0,0.2491043261472377,309,38208.0
860.0,294,24220.0,34.30594900849859,5.035462859389342,294,38548.0,0.2377160654661811,294,38548.0
865.0,281,24063.0,33.70168067226891,4.9813187740007,281,39416.0,0.23692528607262855,281,39416.0
870.0,265,23786.0,32.99029126213592,5.092403585480654,265,39470.0,0.24163184306301747,265,39470.0
875.0,262,23760.0,32.503419972640216,5.240490655708638,262,39671.0,0.24083875370572866,262,39671.0
880.0,256,23956.0,32.99724517906336,5.299138509582663,256,40134.0,0.24644150407233806,256,40134.0
885.0,248,24476.0,33.620879120879124,5.529519366277238,248,40487.0,0.2595657010114955,248,40487.0
890.0,240,25411.0,35.14661134163209,5.5583899334239,240,40990.0,0.26380634528302077,240,40990.0
895.0,259,26300.0,36.629526462395546,5.488691921097036,259,42090.0,0.26690279268750183,259,42090.0
900.0,285,26412.0,36.531120331950206,5.31562416422479,285,42837.0,0.26263942035386556,285,42837.0
905.0,315,27091.0,37.62638888888889,4.893567558737432,315,43884.0,0.2384818489292813,315,43884.0
910.0,347,27946.0,38.92200557103064,4.423615891420548,347,45531.0,0.2068394988775515,347,45531.0
915.0,361,27931.0,38.314128943758575,4.190340677818518,361,45007.0,0.19196196674123614,361,45007.0
920.0,382,28539.0,39.148148148148145,4.074514402329592,382,45597.0,0.18816270311530972,382,45597.0
925.0,395,29116.0,39.66757493188011,4.083625819924062,395,45810.0,0.19108310009799478,395,45810.0
930.0,408,29894.0,40.561736770691994,4.112486134815515,408,45584.0,0.18827251834263434,408,45584.0
935.0,412,30858.0,41.98367346938775,4.138608850936686,412,45565.0,0.1909572626604206,412,45565.0
940.0,405,31813.0,43.401091405184175,4.220381193299307,405,45593.0,0.19935922139612447,405,45593.0
945.0,405,32825.0,45.46398891966759,4.251892579663494,405,46067.0,0.20098865876506497,405,46067.0
950.0,379,33235.0,45.84137931034483,4.334242923897101,379,47552.0,0.21265465683853643,379,47552.0
955.0,349,32451.0,44.21117166212534,4.381149256375855,349,48279.0,0.21747346477070392,349,48279.0
960.0,339,31989.0,43.17004048582996,4.256498111123459,339,49430.0,0.20508820899247415,339,49430.0
965.0,335,31571.0,41.87135278514589,4.3441249448874695,335,49952.0,0.2027835058250636,335,49952.0
970.0,325,31198.0,40.516883116883115,4.548634034229186,325,50449.0,0.2046712015571706,325,50449.0
975.0,315,31098.0,40.02316602316602,4.439388068288825,315,51969.0,0.19317958443567493,315,51969.0
980.0,293,30863.0,39.61874197689345,4.402267419253673,293,51760.0,0.20015253479278397,293,51760.0
985.0,287,31003.0,40.00387096774193,4.342976091514374,287,52326.0,0.20687227303793942,287,52326.0
990.0,295,31677.0,40.5076726342711,4.496788700158459,295,52607.0,0.21895044107071623,295,52607.0
995.0,309,32583.0,41.348984771573605,4.710551910238926,309,52650.0,0.23076211680159248,309,52650.0
1000.0,325,33636.0,43.12307692307692,4.6039090182663776,325,52992.0,0.21968236500765723,325,52992.0
1005.0,335,34748.0,44.15247776365947,4.771057665990816,335,53376.0,0.22762522950870456,335,53376.0
1010.0,355,36071.0,45.54419191919192,4.820631796148003,355,53776.0,0.2232954035411041,355,53776.0
1015.0,375,37465.0,46.88986232790989,4.862457983760277,375,54132.0,0.22080373984183874,375,54132.0
1020.0,389,38990.0,48.495024875621894,4.9493488914962365,389,54962.0,0.22560106848471614,389,54962.0
1025.0,403,40305.0,50.13059701492537,4.793262030153827,403,56748.0,0.22077743558020535,403,56748.0
1030.0,388,40419.0,50.27238805970149,4.601543805631031,388,57160.0,0.21173848354264305,388,57160.0
1035.0,386,40860.0,50.75776397515528,4.506035302672559,386,58360.0,0.203542951132794,386,58360.0
1040.0,380,41291.0,51.166047087980175,4.490040309651573,380,58687.0,0.19658312847639434,380,58687.0
1045.0,369,41809.0,52.00124378109453,4.4533777604369,369,58987.0,0.1914897638118516,369,58987.0
1050.0,348,41983.0,52.34788029925187,4.366733602634772,348,59286.0,0.1806396196299242,348,59286.0
1055.0,350,42240.0,52.277227722772274,4.420877913212732,350,60754.0,0.19101422128081857,350,60754.0
1060.0,367,41823.0,51.12836185819071,4.446851954436085,367,61371.0,0.2043830833291816,367,61371.0
1065.0,386,41691.0,51.40690505548705,4.278130680663614,386,62743.0,0.20950917110524347,386,62743.0
1070.0,404,42041.0,52.35491905354919,4.011395475076447,404,63799.0,0.20267707761748485,404,63799.0
1075.0,426,42579.0,53.42409033877039,3.7095878333875394,426,64482.0,0.18126289787922792,426,64482.0
1080.0,448,43714.0,54.6425,3.6041439273498086,448,65885.0,0.17465610859753966,448,65885.0
1085.0,488,45449.0,56.4583850931677,3.352965244468812,488,67183.0,0.1554819945050171,488,67183.0
1090.0,518,47481.0,58.5462392108508,3.2004521390117957,518,69575.0,0.150995587066962,518,69575.0
1095.0,534,48192.0,59.276752767527675,2.9022873912009888,534,70697.0,0.1311272594016128,534,70697.0
1100.0,550,49420.0,61.01234567901235,2.6942301096320462,550,72485.0,0.11949522706266175,550,72485.0
1105.0,563,50629.0,62.97139303482587,2.5538798674296457,563,73875.0,0.11375647645402942,563,73875.0
1110.0,567,51909.0,64.56343283582089,2.6567471834539367,567,74737.0,0.11634464591450937,567,74737.0
1115.0,566,53389.0,65.58845208845209,2.9253638283844126,566,76210.0,0.12627654441379557,566,76210.0
1120.0,560,54651.0,66.64756097560975,3.1854598459694348,560,77512.0,0.134228145623503,560,77512.0
1125.0,551,55705.0,67.68529769137302,3.102125524680586,551,79968.0,0.13020906816319328,551,79968.0
1130.0,524,54954.0,65.73444976076556,3.1622083010998,524,80657.0,0.1381612830422316,524,80657.0
1135.0,508,54483.0,64.62989323843416,3.1437107053922793,508,83107.0,0.14154875562973704,508,83107.0
1140.0,483,53826.0,63.399293286219084,3.204207196963954,483,84452.0,0.1444613233526082,483,84452.0
1145.0,460,52970.0,61.66472642607683,3.288462118945663,460,86810.0,0.14771614316084367,460,86810.0
1150.0,429,51920.0,60.442374854481955,3.1999805996990944,429,87276.0,0.14056698859412325,429,87276.0
1155.0,377,50153.0,57.58094144661309,3.3843747984577646,377,87434.0,0.15210571055481575,377,87434.0
1160.0,354,49477.0,56.674684994272624,3.5583533107040886,354,87250.0,0.16624322736027505,354,87250.0
1165.0,338,49596.0,56.81099656357388,3.634529911796249,338,86883.0,0.16919357561218795,338,86883.0
1170.0,333,50098.0,57.517795637198624,3.688584995599999,333,86753.0,0.1684441270040309,333,86753.0
1175.0,337,50906.0,58.71510957324106,3.7231379067201047,337,86538.0,0.16775381005014817,337,86538.0
1180.0,350,52086.0,60.00691244239631,3.7130319888164065,350,86401.0,0.15937013985181211,350,86401.0
1185.0,369,53281.0,61.032073310423826,3.4498318474039174,369,88066.0,0.1433159112726836,369,88066.0
1190.0,385,54040.0,61.901489117983964,3.2383976349443464,385,88759.0,0.13413917120138633,385,88759.0
1195.0,415,55211.0,62.385310734463275,3.169915401296803,415,90123.0,0.1328450033636483,415,90123.0
1200.0,447,56547.0,63.607424071991,3.155403277886348,447,91330.0,0.13540598112121446,447,91330.0
1205.0,478,58006.0,64.73883928571429,3.182051306663787,478,92460.0,0.1352256137748542,478,92460.0
1210.0,505,59548.0,66.53407821229051,3.023565924390072,505,94553.0,0.12679207349126936,505,94553.0
1215.0,516,60126.0,67.03010033444816,2.88774029966359,516,95110.0,0.1257159810342593,516,95110.0
1220.0,540,61187.0,68.2890625,2.7654372826261726,540,96375.0,0.11766685006373649,540,96375.0
1225.0,561,62349.0,69.66368715083799,2.745331754848545,561,96955.0,0.1202387195445298,561,96955.0
1230.0,578,63759.0,71.7199100112486,2.7645710045111214,578,97661.0,0.12004155953746455,578,97661.0
1235.0,583,65082.0,74.04095563139931,2.652506969937502,583,98377.0,0.11336548556104187,583,98377.0
1240.0,593,66299.0,74.49325842696629,2.6794890791957084,593,101012.0,0.1171180194120443,593,101012.0
1245.0,586,66468.0,74.10033444816054,2.6617076240622515,586,102119.0,0.11628344569276117,586,102119.0
1250.0,576,66497.0,73.88555555555556,2.752082201678186,576,104062.0,0.12489852290549044,576,104062.0
1255.0,563,66799.0,73.00437158469946,2.9546067520523107,563,104722.0,0.13469634122699578,563,104722.0
1260.0,555,67030.0,72.70065075921909,3.124709209373957,555,105291.0,0.1336690318006086,555,105291.0
1265.0,540,67184.0,72.55291576673866,3.354362764830403,540,106547.0,0.143087806169229,540,106547.0
1270.0,508,66795.0,71.59163987138264,3.4906939638962995,508,106882.0,0.13965375804655517,508,106882.0
1275.0,482,66610.0,70.5614406779661,3.462222345649014,482,109094.0,0.13803558239036376,482,109094.0
1280.0,484,66118.0,69.37880377754459,3.5167456359356195,484,110418.0,0.14930708385805488,484,110418.0
1285.0,478,66292.0,69.56138509968521,3.4536779499010306,478,112332.0,0.15054839568727915,478,112332.0
1290.0,483,67069.0,71.04766949152543,3.239619224214258,483,113706.0,0.14498381042140052,483,113706.0
1295.0,493,68453.0,73.13354700854701,3.054782198507829,493,115184.0,0.13902705658827885,493,115184.0
1300.0,509,69932.0,74.47497337593184,2.910475697223865,509,117288.0,0.13378054243532572,509,117288.0
1305.0,508,70352.0,74.52542372881356,2.786260962871172,508,117800.0,0.12493200364003515,508,117800.0
1310.0,543,71582.0,75.42887249736565,2.654980022481448,543,118773.0,0.1183138453476882,543,118773.0
1315.0,563,72919.0,77.0813953488372,2.613017467956137,563,118633.0,0.1151439475827074,563,118633.0
1320.0,582,74395.0,78.9755838641189,2.657275964881413,582,118794.0,0.11864529667693018,582,118794.0
1325.0,603,76000.0,80.0,2.810319267835724,603,119110.0,0.1219762971455847,603,119110.0
1330.0,621,77583.0,82.0984126984127,2.827898121204479,621,119620.0,0.12202481409191657,621,119620.0
1335.0,637,79536.0,83.7221052631579,2.9344484630044585,637,120029.0,0.12239333581950383,637,120029.0
1340.0,643,81359.0,85.37145855194125,3.022160275185455,643,120589.0,0.11913817722410962,643,120589.0
1345.0,648,83446.0,86.92291666666667,3.1510200805456807,648,120923.0,0.12067453555811819,648,120923.0
1350.0,643,84899.0,88.16095534787124,3.124569253596977,643,123596.0,0.11927642007415064,643,123596.0
1355.0,623,84817.0,86.90266393442623,3.168718809735407,623,124649.0,0.12292056006695137,623,124649.0
1360.0,605,84944.0,86.94370522006142,3.2431651381301374,605,126355.0,0.12512852786168832,605,126355.0
1365.0,582,84571.0,85.94613821138212,3.377674243274539,582,126780.0,0.13219681994609225,582,126780.0
1370.0,559,84065.0,85.69317023445464,3.4892807818394878,559,127148.0,0.13293048169392316,559,127148.0
1375.0,529,83380.0,85.51794871794871,3.588086818693902,529,127387.0,0.13771814290807027,529,127387.0
1380.0,507,83260.0,85.74665293511843,3.729377394518529,507,127633.0,0.14698587287548392,507,127633.0
1385.0,471,82673.0,85.31785345717235,3.9159471930642558,471,127601.0,0.16077250157067033,471,127601.0
1390.0,462,80738.0,84.10208333333334,3.833797008526377,462,129301.0,0.16335328140744856,462,129301.0
1395.0,465,70360.0,74.06315789473685,3.6359993972106044,465,127588.0,0.15593085583354435,465,127588.0
1400.0,471,62771.0,66.42433862433863,3.4115157577955344,471,127781.0,0.14914191566367874,471,127781.0
1405.0,496,58166.0,61.61652542372882,3.2286643500440757,496,126246.0,0.1408120015865624,496,126246.0
1410.0,518,53998.0,57.44468085106383,3.0565921055133356,518,124040.0,0.13266532845538348,518,124040.0
1415.0,543,50545.0,53.31751054852321,2.9702951693828683,543,121916.0,0.12390281479357065,543,121916.0
1420.0,582,47638.0,50.51749734888653,2.7550495264169217,582,120322.0,0.11679666767538922,582,120322.0
1425.0,604,44446.0,47.182590233545646,2.517495993086019,604,122226.0,0.10622072405473092,604,122226.0
1430.0,604,39977.0,42.52872340425532,2.3181713028755575,604,122523.0,0.0996117576596643,604,122523.0
1435.0,618,36722.0,39.27486631016043,2.2204094054519463,618,123485.0,0.09571263170895068,618,123485.0
1440.0,625,34248.0,36.98488120950324,2.2027825212214722,625,123694.0,0.0940599295117673,625,123694.0
1445.0,637,32552.0,35.38260869565217,2.180662789995226,637,123682.0,0.0925252909048392,637,123682.0
1450.0,634,31127.0,33.65081081081081,2.36275633599337,634,123772.0,0.09721592810904477,634,123772.0
1455.0,628,30067.0,32.364908503767495,2.5830380014685606,628,123774.0,0.10599733715440374,628,123774.0
1460.0,623,28926.0,31.0032154340836,2.7656904679204284,623,124121.0,0.10915394151838469,623,124121.0
1465.0,626,28883.0,30.82497331910352,2.9243391651377255,626,124607.0,0.11201388124929791,626,124607.0
1470.0,605,28935.0,30.651483050847457,3.253533082175595,605,124574.0,0.12812794485010512,605,124574.0
1475.0,589,30062.0,31.61093585699264,3.513524737428729,589,124912.0,0.14421641512487193,589,124912.0
1480.0,575,31138.0,32.36798336798337,3.7461196547379156,575,125066.0,0.1537785561594528,575,125066.0
1485.0,569,31964.0,32.918640576725025,3.825838376947636,569,127425.0,0.1577368592300653,569,127425.0
1490.0,543,30074.0,30.750511247443765,3.851348622621423,543,127427.0,0.15914215557296774,543,127427.0
1495.0,516,28683.0,29.09026369168357,3.9162208886035654,516,128632.0,0.1654655489319165,516,128632.0
1500.0,503,27596.0,27.931174089068826,4.0150362069561,503,128400.0,0.16969361967460428,503,128400.0
1505.0,496,26546.0,27.087755102040816,3.9849529669998556,496,128018.0,0.16546265506332392,496,128018.0
1510.0,494,26165.0,26.946446961894953,3.992082818661837,494,127883.0,0.16133461746645164,494,127883.0
1515.0,450,24185.0,25.192708333333332,4.102887059639186,450,127107.0,0.17526407207782077,450,127107.0
1520.0,455,24326.0,25.525708289611753,4.223665668489533,455,126804.0,0.18587613002803616,455,126804.0
1525.0,459,23984.0,25.29957805907173,4.068783371444586,459,128462.0,0.18204730067624433,459,128462.0
1530.0,484,22730.0,24.180851063829788,3.6896313029657133,484,129376.0,0.16456096650131974,484,129376.0
1535.0,502,22162.0,23.62686567164179,3.3789351732834687,502,131093.0,0.14894897950358169,502,131093.0
1540.0,524,21826.0,23.34331550802139,3.105929995919153,524,132226.0,0.13254507573727162,524,132226.0
1545.0,539,21777.0,23.266025641025642,2.913818923332731,539,132900.0,0.12061716821684493,539,132900.0
1550.0,552,22624.0,24.068085106382977,2.858438873823316,552,134406.0,0.11898616608469696,552,134406.0
1555.0,579,24204.0,25.803837953091683,2.7388393420094213,579,135609.0,0.1125399941119564,579,135609.0
1560.0,596,26179.0,28.089055793991417,2.559549567142436,596,138424.0,0.10778102657980113,596,138424.0
1565.0,612,26983.0,29.013978494623657,2.4822049108324937,612,138367.0,0.10656380788466861,612,138367.0
1570.0,631,28339.0,30.570658036677454,2.3160142059607103,631,139939.0,0.10024819286335548,631,139939.0
1575.0,640,29535.0,32.278688524590166,2.139000986733777,640,139663.0,0.0888490275017404,640,139663.0
1580.0,650,31182.0,34.341409691629956,2.1503001882775297,650,139601.0,0.08078171608568384,650,139601.0
1585.0,654,32728.0,36.08379272326351,2.2664807077345537,654,139890.0,0.08250055263379913,654,139890.0
1590.0,654,33745.0,36.960569550931,2.2973017179883155,654,142968.0,0.08318100107181381,654,142968.0
1595.0,645,33479.0,36.66922234392114,2.253144457366492,645,143273.0,0.083807084093624,645,143273.0
1600.0,628,33583.0,36.58278867102396,2.390045030571153,628,144853.0,0.08972517914734207,628,144853.0
1605.0,606,33496.0,36.56768558951965,2.534759178553061,606,144922.0,0.0945360772496846,606,144922.0
1610.0,584,33298.0,36.154180238870794,2.7813301774922823,584,144943.0,0.10864148557997212,584,144943.0
1615.0,569,33255.0,35.95135135135135,3.011912894252387,569,145104.0,0.11379861994570584,569,145104.0
1620.0,511,31639.0,33.983888292158966,3.3674692492197495,511,143559.0,0.12723610688945886,511,143559.0
1625.0,485,31459.0,33.75429184549356,3.6441035647783377,485,142754.0,0.14028029883931925,485,142754.0
1630.0,482,31337.0,33.76831896551724,3.5104783978874248,482,145079.0,0.13614167031104946,482,145079.0
1635.0,471,31075.0,33.378088077336194,3.3154780602943545,471,146249.0,0.12815382770980094,471,146249.0
1640.0,482,31332.0,33.945828819068254,3.0963324852165663,482,147562.0,0.12658158663366287,482,147562.0
1645.0,493,32203.0,35.04134929270947,3.067750911295005,493,148531.0,0.13041821592620798,493,148531.0
1650.0,517,33598.0,36.126881720430106,3.095639377869776,517,149889.0,0.1364016096110067,517,149889.0
1655.0,535,35396.0,37.937834941050376,2.9408012328937523,535,152357.0,0.1256629835508273,535,152357.0
1660.0,549,36045.0,38.50961538461539,2.795793633125002,549,152014.0,0.11855265456271377,549,152014.0
1665.0,563,37267.0,40.2017259978425,2.5573349595731045,563,152655.0,0.10834791941583548,563,152655.0
1670.0,591,38651.0,42.01195652173913,2.514178711200853,591,152654.0,0.10568170841798077,591,152654.0
1675.0,606,39992.0,43.65938864628821,2.5508958675229096,606,151638.0,0.10247901032584933,606,151638.0
1680.0,614,41512.0,45.81898454746137,2.527122359837148,614,151427.0,0.09412904018327106,614,151427.0
1685.0,618,43049.0,47.62057522123894,2.607935013693868,618,151128.0,0.09593402105675769,618,151128.0
1690.0,623,44399.0,49.38709677419355,2.4857372766721357,623,153486.0,0.08862533869344404,623,153486.0
1695.0,611,44386.0,49.208425720620845,2.4561176575965917,611,153769.0,0.09049189254132833,611,153769.0
1700.0,585,44379.0,48.87555066079295,2.628753644038134,585,154864.0,0.10073856712683592,585,154864.0
1705.0,555,44079.0,48.5986769570011,2.788776319527979,555,154870.0,0.10845167314602301,555,154870.0
1710.0,526,43686.0,48.00659340659341,3.0925476131897063,526,154284.0,0.1196080008691415,526,154284.0
1715.0,498,43531.0,47.41938997821351,3.4145193585685716,498,153943.0,0.1330305686944873,498,153943.0
1720.0,487,43515.0,47.043243243243246,3.63918047022355,487,153471.0,0.14125401587016564,487,153471.0
1725.0,466,43689.0,47.48804347826087,3.7060080957727726,466,154186.0,0.14522599229477606,466,154186.0
1730.0,439,43778.0,47.43011917659805,3.797666845799144,439,154407.0,0.14753554633048171,439,154407.0
1735.0,429,44034.0,47.967320261437905,3.738896457599982,429,156153.0,0.1461255136985223,429,156153.0
1740.0,437,42494.0,46.74807480748075,3.544606782934981,437,155349.0,0.14127400267885382,437,155349.0
1745.0,461,41677.0,46.20509977827051,3.265043068448788,461,154482.0,0.12936838981588022,461,154482.0
1750.0,480,41314.0,46.26427771556551,2.9996237133317645,480,151714.0,0.1162116365145969,480,151714.0
1755.0,503,40630.0,45.144444444444446,2.8514892730493537,503,153763.0,0.10515925537472373,503,153763.0
1760.0,519,38835.0,43.24610244988864,2.7134989660320907,519,153257.0,0.10126769380075216,519,153257.0
1765.0,537,37252.0,41.437152391546164,2.7338427162637005,537,153817.0,0.10785695667589353,537,153817.0
1770.0,551,35943.0,40.65950226244344,2.6868587270363586,551,152508.0,0.10666300119448476,551,152508.0
1775.0,549,34362.0,39.003405221339385,2.8186795596185488,549,151645.0,0.11254395003468896,549,151645.0
1780.0,548,33248.0,37.99771428571429,2.887185903631811,548,150301.0,0.11151511760816644,548,150301.0
1785.0,550,31811.0,36.60644418872267,2.8878772995873043,550,149307.0,0.10841312108413509,550,149307.0
1790.0,528,28349.0,32.84936268829664,3.023711379600779,528,146753.0,0.11127926321385513,528,146753.0
1795.0,526,26130.0,30.208092485549134,3.191900033891818,526,145389.0,0.11184427360359274,526,145389.0
1800.0,526,24679.0,28.53063583815029,3.347457158562505,526,144928.0,0.12120547225134448,526,144928.0
1805.0,505,23817.0,27.502309468822173,3.6701358686620695,505,144057.0,0.1369936279401364,505,144057.0
1810.0,497,23083.0,26.59331797235023,3.969183706470356,497,143019.0,0.1488387507779003,497,143019.0
1815.0,478,22469.0,25.767201834862384,4.080101872203962,478,144926.0,0.15621283805179412,478,144926.0
1820.0,454,21174.0,24.226544622425628,4.047876811759866,454,144888.0,0.1545411701203552,454,144888.0
1825.0,447,20405.0,23.754365541327125,3.879150687937584,447,146113.0,0.15354388713325118,447,146113.0
1830.0,426,19545.0,22.832943925233646,3.9645716189961355,426,146217.0,0.15444249720907965,426,146217.0
1835.0,418,19092.0,22.32982456140351,4.165248525751824,418,145619.0,0.15941334980727032,418,145619.0
1840.0,402,18762.0,22.309155766944116,4.193975941904746,402,144492.0,0.16302508722508138,402,144492.0
1845.0,396,18262.0,21.8444976076555,4.138193741557554,396,146418.0,0.16959452897746816,396,146418.0
1850.0,421,18003.0,21.716525934861277,3.8526547246649714,421,144460.0,0.15542194883054117,421,144460.0
1855.0,438,17606.0,21.496947496947495,3.407625265337662,438,146497.0,0.12953347652254887,438,146497.0
1860.0,454,16190.0,20.086848635235732,2.9577940126482747,454,146896.0,0.11351699722041216,454,146896.0
1865.0,483,15590.0,19.634760705289672,2.6106251005383316,483,148015.0,0.0999581954147514,483,148015.0
1870.0,500,15479.0,19.66836086404066,2.4180851766421485,500,148813.0,0.09320986637874072,500,148813.0
1875.0,526,16197.0,20.554568527918782,2.417134169387007,526,149266.0,0.0880477890099665,526,149266.0
1880.0,543,17267.0,22.05236270753512,2.3440964897709318,543,150590.0,0.08386669698714967,543,150590.0
1885.0,548,18192.0,23.35301668806162,2.203820424842336,548,152942.0,0.08319642934093362,548,152942.0
1890.0,545,18214.0,23.5627425614489,1.9685116954340172,545,152591.0,0.07605317397023018,545,152591.0
1895.0,556,18388.0,23.97392438070404,1.863962837059822,556,153402.0,0.07431801989482938,556,153402.0
1900.0,558,18777.0,24.41742522756827,1.9427792053806787,558,153001.0,0.07419188260837416,558,153001.0
1905.0,560,19410.0,25.439056356487548,2.1367734173932904,560,151615.0,0.0820825644007758,560,151615.0
1910.0,546,19504.0,25.528795811518325,2.289616537721816,546,154224.0,0.09051267371301909,546,154224.0
1915.0,509,18086.0,23.51885565669701,2.3566114507723595,509,154192.0,0.09083493061618066,509,154192.0
1920.0,481,16680.0,21.550387596899224,2.487834310104691,481,155208.0,0.1001517927623363,481,155208.0
1925.0,460,15417.0,19.841698841698843,2.7471780070266654,460,154840.0,0.10813748509224332,460,154840.0
1930.0,442,14825.0,19.055269922879177,3.0579540859817436,442,154125.0,0.11717038801610563,442,154125.0
1935.0,430,14064.0,18.21761658031088,3.132415239323068,430,153324.0,0.1088853389345389,430,153324.0
1940.0,398,12847.0,16.66277561608301,3.41344490839215,398,152561.0,0.1223711373822078,398,152561.0
1945.0,383,12907.0,16.675710594315245,3.54599051125517,383,153426.0,0.1319229175325666,383,153426.0
1950.0,414,13128.0,16.917525773195877,3.449988296839579,414,151597.0,0.1242658971466223,414,151597.0
1955.0,434,13433.0,17.28828828828829,3.242504672834455,434,153769.0,0.11271123087632044,434,153769.0
1960.0,446,13649.0,17.702983138780805,2.8973281143557568,446,154377.0,0.09313785460257505,446,154377.0
1965.0,478,14419.0,19.047556142668427,2.746313902690731,478,155817.0,0.09853382830806222,478,155817.0
1970.0,492,15336.0,20.339522546419097,2.694492716487971,492,156941.0,0.09672185569661818,492,156941.0
1975.0,501,16951.0,22.362796833773086,2.690635742426943,501,158056.0,0.10004344132707593,501,158056.0
1980.0,525,18751.0,24.934840425531913,2.4866589201717084,525,159617.0,0.08890752524073903,525,159617.0
1985.0,546,20323.0,27.27919463087248,2.2209136680129142,546,162105.0,0.08055680806707413,546,162105.0
1990.0,537,20118.0,27.260162601626018,2.082116634891441,537,161100.0,0.07638002470743954,537,161100.0
1995.0,542,20248.0,27.548299319727892,2.0277446047779546,542,161443.0,0.07582627005413178,542,161443.0
2000.0,531,20722.0,28.50343878954608,2.1026280206700614,531,159731.0,0.0804762720218096,531,159731.0
2005.0,524,20315.0,28.412587412587413,1.9731194873793496,524,161826.0,0.07498352920896988,524,161826.0
2010.0,492,18811.0,26.162726008344922,2.0534504970933005,492,161320.0,0.07753011269014759,492,161320.0
2015.0,463,17283.0,24.071030640668525,2.1509745633037918,463,161977.0,0.08274762646579537,463,161977.0
2020.0,437,15451.0,21.459722222222222,2.465484601912475,437,161386.0,0.08961190882023985,437,161386.0
2025.0,410,14023.0,19.530640668523677,2.7901229877168183,410,160223.0,0.09726205178837678,410,160223.0
2030.0,386,12673.0,17.62586926286509,3.028557475373882,386,159489.0,0.10095023304256259,386,159489.0
2035.0,376,11452.0,15.905555555555555,3.0669317119628734,376,160974.0,0.1086571332693485,376,160974.0
2040.0,374,10621.0,14.771905424200279,2.9870919567942114,374,158854.0,0.10674566345635195,374,158854.0
2045.0,383,10097.0,13.984764542936288,2.9386111162851503,383,158664.0,0.10453252453579058,383,158664.0
2050.0,410,10886.0,15.14047287899861,2.826095307696936,410,156688.0,0.09748032439174083,410,156688.0
2055.0,445,12316.0,17.17712691771269,2.682053472534675,445,157707.0,0.09052621851995464,445,157707.0
2060.0,480,13311.0,18.513212795549375,2.5617961640734994,480,158846.0,0.08264650345974929,480,158846.0
2065.0,501,14644.0,20.712871287128714,2.2473395398774256,501,160619.0,0.06852769368624374,501,160619.0
2070.0,525,16347.0,23.088983050847457,2.22586848351732,525,162228.0,0.07034073590685813,525,162228.0
2075.0,541,18145.0,25.84757834757835,2.107200624905885,541,164077.0,0.06749557695411793,541,164077.0
2080.0,546,19645.0,28.185078909612624,2.016328520412883,546,166278.0,0.06719020650036527,546,166278.0
2085.0,510,18864.0,27.49854227405248,1.8487482833711355,510,159303.0,0.06638478015321111,510,159303.0
2090.0,461,17211.0,25.347569955817377,1.9536244668126483,461,157779.0,0.08079517092802295,461,157779.0
2095.0,454,17151.0,25.333825701624814,2.1647569411925973,454,156864.0,0.08657677042164985,454,156864.0
2100.0,439,17656.0,26.19584569732938,2.425211289615838,439,155206.0,0.09227540303188882,439,155206.0
2105.0,426,17874.0,26.48,2.7194323630688064,426,153703.0,0.10018819752572249,426,153703.0
2110.0,412,18126.0,26.933135215453195,3.1156140385091713,412,152217.0,0.11197470215881151,412,152217.0
2115.0,397,17925.0,26.634472511144132,3.181278548042099,397,153348.0,0.11469468741937817,397,153348.0
2120.0,378,15982.0,23.642011834319526,3.160961865449683,378,152197.0,0.11139397981965755,378,152197.0
2125.0,350,14010.0,20.87928464977645,3.2637695015525305,350,152269.0,0.12220715749077445,350,152269.0
2130.0,325,12420.0,18.482142857142858,3.5107571101166895,325,151231.0,0.13113618600870736,325,151231.0
2135.0,315,11360.0,16.904761904761905,3.833008921947542,315,149254.0,0.1351878487942528,315,149254.0
2140.0,323,10919.0,16.297014925373134,3.928676753868864,323,149886.0,0.1377283912609072,323,149886.0
2145.0,333,9923.0,14.744427934621099,3.8068389533037013,333,147595.0,0.12667467645379799,333,147595.0
2150.0,346,9137.0,13.69865067466267,3.4843475993442174,346,149038.0,0.1104659341245795,346,149038.0
2155.0,344,8739.0,13.301369863013699,3.2433428493949856,344,146989.0,0.09799822290626233,344,146989.0
2160.0,364,8925.0,13.81578947368421,2.9687145302140565,364,148545.0,0.09022911356915304,364,148545.0
2165.0,388,9283.0,14.595911949685535,2.7007250929152424,388,146541.0,0.08431929451019016,388,146541.0
2170.0,398,9616.0,15.263492063492064,2.5443890497240433,398,146417.0,0.07748094127996824,398,146417.0
2175.0,404,10284.0,16.42811501597444,2.4774599779049638,404,144596.0,0.07515457735457415,404,144596.0
2180.0,392,10280.0,16.553945249597422,2.4641677815808984,392,139231.0,0.07691765671882149,392,139231.0
2185.0,352,9269.0,15.220032840722496,2.349645750103114,352,137465.0,0.08709141457733077,352,137465.0
2190.0,321,8080.0,13.466666666666667,2.2661314834331177,321,135139.0,0.09490759107058819,321,135139.0
2195.0,309,8171.0,13.732773109243697,2.2657813412138528,309,134662.0,0.10009914848513157,309,134662.0
2200.0,306,8466.0,14.13355592654424,2.6124568944537336,306,132169.0,0.11416576870979829,306,132169.0
2205.0,324,9026.0,15.093645484949834,2.941978794828116,324,129287.0,0.11702897419140773,324,129287.0
2210.0,321,9605.0,16.061872909698998,3.2951998953419586,321,127830.0,0.12297184866078571,321,127830.0
2215.0,321,10365.0,17.47892074198988,3.325090532374181,321,129148.0,0.12307075512706799,321,129148.0
2220.0,332,11165.0,18.8597972972973,3.13810447782612,332,127526.0,0.11149013868311514,332,127526.0
2225.0,349,12016.0,20.2972972972973,2.9586823230798083,349,129257.0,0.09732092962887336,349,129257.0
2230.0,357,11687.0,19.875850340136054,2.7270979863688423,357,127266.0,0.08133053265848392,357,127266.0
2235.0,345,11439.0,19.553846153846155,2.8559667230140735,345,127091.0,0.08553475486281105,345,127091.0
2240.0,339,11169.0,19.092307692307692,3.016078052539081,339,124907.0,0.08333463423056946,339,124907.0
2245.0,338,10993.0,18.823630136986303,3.334545146666278,338,121461.0,0.08406246229102397,338,121461.0
2250.0,330,10965.0,18.679727427597957,3.7611118938001185,330,118405.0,0.0936460446242725,330,118405.0
2255.0,316,10866.0,18.73448275862069,4.088111517298481,316,115539.0,0.1105530924705376,316,115539.0
2260.0,299,10808.0,18.994727592267136,4.126827376492484,299,115695.0,0.128857943478736,299,115695.0
2265.0,268,10108.0,18.212612612612613,3.9939206115635817,268,112976.0,0.13670190253912748,268,112976.0
2270.0,266,10152.0,18.55941499085923,3.8680248017868353,266,112308.0,0.13878433740035245,266,112308.0
2275.0,279,10841.0,19.96500920810313,3.7165252773703146,279,113447.0,0.1331627466598998,279,113447.0
2280.0,278,11416.0,20.985294117647058,3.6082415101555303,278,111323.0,0.12686959559455147,278,111323.0
2285.0,269,12080.0,22.205882352941178,3.60630485793601,269,110367.0,0.12012395747157585,269,110367.0
2290.0,278,12819.0,23.738888888888887,3.6335895291229594,278,108198.0,0.10725089050132337,278,108198.0
2295.0,282,13647.0,25.366171003717472,3.6625465255859155,282,108262.0,0.11028044993428048,282,108262.0
2300.0,285,14342.0,26.908067542213885,3.487222282697793,285,104693.0,0.11394632038546003,285,104693.0
2305.0,256,14698.0,28.10325047801147,3.367136528357585,256,105528.0,0.12115250026619981,256,105528.0
2310.0,249,15356.0,30.109803921568627,3.2155202828748495,249,103476.0,0.12460469414334496,249,103476.0
2315.0,249,16210.0,32.55020080321285,3.156285247366762,249,102786.0,0.13008536879215532,249,102786.0
2320.0,248,17041.0,34.70672097759674,3.280584537244812,248,101139.0,0.13162247924592832,248,101139.0
2325.0,248,17967.0,36.66734693877551,3.649761922784318,248,99171.0,0.137687378041372,248,99171.0
2330.0,259,18887.0,38.623721881390594,3.602884588541144,259,100164.0,0.1245532923091447,259,100164.0
2335.0,264,19787.0,40.630390143737166,3.43857645364488,264,97496.0,0.11653784184990323,264,97496.0
2340.0,282,20143.0,41.70393374741201,3.180983768010095,282,99393.0,0.10307302666809261,282,99393.0
2345.0,283,17444.0,36.57023060796646,2.839274387928547,283,97013.0,0.08704914527667029,283,97013.0
2350.0,273,15380.0,32.51585623678647,2.8288882378932456,273,96131.0,0.08154468941551378,273,96131.0
2355.0,256,13536.0,28.677966101694917,3.245166223686717,256,93633.0,0.09995957383345927,256,93633.0
2360.0,240,11554.0,24.27310924369748,3.5483915093940985,240,93985.0,0.10961222219461761,240,93985.0
2365.0,237,9879.0,20.797894736842107,3.56263561384032,237,91676.0,0.10883084309288421,237,91676.0
2370.0,244,9415.0,19.904862579281183,3.4919738240732823,244,93050.0,0.10825650214877754,244,93050.0
2375.0,266,7535.0,16.10042735042735,3.23982595517256,266,92615.0,0.09546557015727648,266,92615.0
2380.0,289,7297.0,15.760259179265658,2.958391422365984,289,93113.0,0.08129923036999283,289,93113.0
2385.0,310,7471.0,16.639198218262806,2.689210870042837,310,92422.0,0.07858550416089055,310,92422.0
2390.0,313,8393.0,18.734375,2.72111483993552,313,94185.0,0.08784664052382635,313,94185.0
2395.0,312,9567.0,21.307349665924278,2.7428287112312337,312,93390.0,0.09151114260787267,312,93390.0
2400.0,311,10444.0,23.3125,2.587944066285607,311,94399.0,0.08349151632288816,311,94399.0
2405.0,298,10615.0,24.0158371040724,2.496233642852878,298,92205.0,0.08116066589871075,298,92205.0
2410.0,277,10761.0,24.73793103448276,2.5131118231488085,277,91342.0,0.0945019390963061,277,91342.0
2415.0,277,11020.0,25.391705069124423,2.5379459064004783,277,91778.0,0.10028179865251086,277,91778.0
2420.0,260,11045.0,25.62645011600928,2.549552361360511,260,90848.0,0.09903432401398012,260,90848.0
2425.0,266,11816.0,27.737089201877936,2.5923953226357757,266,90728.0,0.10533892383198315,266,90728.0
2430.0,286,12941.0,30.52122641509434,2.364418138863481,286,91147.0,0.09196907851819519,286,91147.0
2435.0,302,13982.0,32.97641509433962,2.148135777577785,302,91386.0,0.07424467983895133,302,91386.0
2440.0,325,15249.0,35.88,2.104138121465478,325,92346.0,0.07067138171035443,325,92346.0
2445.0,321,16163.0,37.94131455399061,2.158137702442033,321,93625.0,0.07727412181027404,321,93625.0
2450.0,326,17279.0,40.37149532710281,2.2460472337040462,326,94413.0,0.07869913111512192,326,94413.0
2455.0,321,17681.0,41.214452214452216,2.2566412914672096,321,95781.0,0.07841866133583311,321,95781.0
2460.0,305,15429.0,35.88139534883721,2.3142184524486824,305,94307.0,0.0839244935932515,305,94307.0
2465.0,288,13323.0,30.983720930232558,2.505214796425305,288,93150.0,0.10132886346242975,288,93150.0
2470.0,262,10957.0,25.84198113207547,2.8241643748561764,262,91398.0,0.11080618409479792,262,91398.0
2475.0,242,9132.0,21.537735849056602,3.4398111269790523,242,89398.0,0.13366120731315514,242,89398.0
2480.0,229,8982.0,21.43675417661098,3.889285898843513,229,88003.0,0.14847696762020746,229,88003.0
2485.0,222,9401.0,22.49043062200957,4.078898137132683,222,88599.0,0.15681788381424516,222,88599.0
2490.0,233,9877.0,23.46080760095012,3.9619839469629357,233,86410.0,0.14364628672658578,233,86410.0
2495.0,245,9989.0,23.338785046728972,3.759435204255254,245,87545.0,0.1251530330219536,245,87545.0
2500.0,238,8315.0,19.518779342723004,3.600899922185543,238,84238.0,0.11689974923662587,238,84238.0
2505.0,231,7205.0,16.992924528301888,3.7257696836897427,231,82607.0,0.11616422108394259,231,82607.0
2510.0,223,5810.0,13.670588235294117,3.860913142934343,223,83230.0,0.11419514648580006,223,83230.0
2515.0,207,4561.0,10.757075471698114,3.9435129278619967,207,77334.0,0.11333456870298954,207,77334.0
2520.0,176,3567.0,8.412735849056604,4.07542241226593,176,75512.0,0.1259330199221626,176,75512.0
2525.0,196,4059.0,9.687350835322196,3.8943500050085165,196,76364.0,0.12029656714424039,196,76364.0
2530.0,198,3869.0,9.45965770171149,3.6515284106344965,198,74929.0,0.11303603250553343,198,74929.0
2535.0,205,3863.0,9.755050505050505,3.507010287182717,205,74355.0,0.1166899328811593,205,74355.0
2540.0,193,3886.0,10.172774869109947,3.611456899205111,193,73349.0,0.12653258034181036,193,73349.0
2545.0,198,4477.0,11.812664907651715,3.7462640642688556,198,73558.0,0.11531373613683767,198,73558.0
2550.0,208,4886.0,13.099195710455763,3.467305916345753,208,71287.0,0.10015418009120207,208,71287.0
2555.0,215,5399.0,14.55256064690027,3.385933240129752,215,71049.0,0.08908200303307216,215,71049.0
2560.0,222,6054.0,16.586301369863012,3.1771823983613583,222,67917.0,0.077001026450152,222,67917.0
2565.0,227,6445.0,17.90277777777778,3.0485285173505896,227,68108.0,0.06762314917516528,227,68108.0
2570.0,207,5725.0,16.03641456582633,3.048169943465109,207,66177.0,0.06971596247654793,207,66177.0
2575.0,186,5172.0,14.65155807365439,3.285503550177987,186,64899.0,0.08643471959649568,186,64899.0
2580.0,177,4631.0,13.045070422535211,3.4808933570218934,177,64888.0,0.08697195083086039,177,64888.0
2585.0,154,3767.0,10.732193732193732,3.4813687410227367,154,63063.0,0.08755089224042198,154,63063.0
2590.0,157,4037.0,11.63400576368876,3.544298118677111,157,61441.0,0.10029653634832736,157,61441.0
2595.0,181,4524.0,13.228070175438596,3.3268815240771494,181,62086.0,0.09526849736563898,181,62086.0
2600.0,174,3760.0,11.325301204819278,3.092871762916944,174,61226.0,0.08674190596368432,174,61226.0
2605.0,172,3355.0,10.259938837920489,3.130975331068477,172,62270.0,0.10263679005788498,172,62270.0
2610.0,175,3588.0,11.074074074074074,3.1498367720085394,175,61265.0,0.10350582797846358,175,61265.0
2615.0,177,3993.0,12.400621118012422,2.9671904343099844,177,61256.0,0.09171049337184815,177,61256.0
2620.0,172,3803.0,11.81055900621118,3.139098144451413,172,58918.0,0.09876365105660824,172,58918.0
2625.0,155,3640.0,11.446540880503145,3.40609265334977,155,57152.0,0.1097769977998684,155,57152.0
2630.0,150,3456.0,10.971428571428572,3.486778161601875,150,58174.0,0.10566578129097395,150,58174.0
2635.0,149,3416.0,11.019354838709678,3.441230018060537,149,57650.0,0.10235964968933371,149,57650.0
2640.0,173,4078.0,13.414473684210526,3.189878606848681,173,56998.0,0.08614616238319239,173,56998.0
2645.0,186,4784.0,15.946666666666667,2.979675425861293,186,56334.0,0.06571827990484301,186,56334.0
2650.0,205,5605.0,18.808724832214764,3.163997823955686,205,52766.0,0.06981678800547096,205,52766.0
2655.0,188,6127.0,20.62962962962963,3.255065186652212,188,53740.0,0.07811700383958042,188,53740.0
2660.0,158,6014.0,20.45578231292517,3.1415482831354566,158,50614.0,0.08336136292812553,158,50614.0
2665.0,149,6136.0,21.085910652920962,3.2455333699043902,149,52040.0,0.09598298869897294,149,52040.0
2670.0,132,5988.0,20.719723183391004,3.361470243788631,132,49921.0,0.09857911879994402,132,49921.0
2675.0,128,6002.0,20.69655172413793,3.567145978301604,128,51254.0,0.10659938786887474,128,51254.0
2680.0,126,4561.0,15.89198606271777,3.5959734067886076,126,49159.0,0.11278265659207035,126,49159.0
2685.0,128,3738.0,13.35,3.64287812021242,128,49675.0,0.1255651625165117,128,49675.0
2690.0,135,3485.0,12.626811594202898,3.456965244279808,135,48733.0,0.10898358614075665,135,48733.0
2695.0,147,3850.0,14.102564102564102,3.392440208657804,147,49313.0,0.10089623474249514,147,49313.0
2700.0,138,3688.0,13.864661654135338,3.2119812943415185,138,45997.0,0.0929107260351879,138,45997.0
2705.0,133,3652.0,13.677902621722847,3.4249474414730225,133,46660.0,0.09910721752857046,133,46660.0
2710.0,130,3680.0,13.992395437262358,3.386712341830202,130,45658.0,0.08995059659683848,130,45658.0
2715.0,146,4277.0,16.32442748091603,3.3344273398198787,146,44545.0,0.0804126142107639,146,44545.0
2720.0,162,4939.0,19.36862745098039,3.0446583649381425,162,44305.0,0.07034695983336237,162,44305.0
2725.0,165,5301.0,20.87007874015748,3.0921673150221842,165,44493.0,0.0733670455453305,165,44493.0
2730.0,136,4831.0,18.797665369649806,3.428120098455362,136,42407.0,0.09212976078756581,136,42407.0
2735.0,121,4582.0,18.03937007874016,3.473361793642573,121,42935.0,0.10219186901797171,121,42935.0
2740.0,122,4642.0,18.347826086956523,3.6165299679923435,122,40660.0,0.10965418543428959,122,40660.0
2745.0,127,4956.0,19.903614457831324,3.5786271579419227,127,41212.0,0.11106475600019751,127,41212.0
2750.0,118,4452.0,18.17142857142857,3.615299392458759,118,38615.0,0.11659396530207748,118,38615.0
2755.0,112,4065.0,16.524390243902438,3.779136606916057,112,39105.0,0.11296749390707474,112,39105.0
2760.0,111,4001.0,16.53305785123967,3.8084927632882137,111,37948.0,0.11431143479303948,111,37948.0
2765.0,129,4386.0,18.50632911392405,3.4907738093594114,129,38485.0,0.08794658804177566,129,38485.0
2770.0,117,4081.0,17.51502145922747,3.4663981698858928,117,36472.0,0.08756192237788656,117,36472.0
2775.0,110,4130.0,18.114035087719298,3.4847399325033415,110,37079.0,0.09352999779297862,110,37079.0
2780.0,117,4308.0,19.061946902654867,3.3333593552853142,117,36553.0,0.07674490480717383,117,36553.0
2785.0,128,4806.0,21.36,3.292366304177201,128,37110.0,0.0599957530553273,128,37110.0
2790.0,111,5091.0,23.036199095022624,3.352739618499252,111,35082.0,0.06460088659613318,111,35082.0
2795.0,111,5495.0,25.206422018348626,3.452287620040872,111,34939.0,0.06289159765261522,111,34939.0
2800.0,116,5903.0,27.71361502347418,3.447331888817965,116,34659.0,0.061826298032326456,116,34659.0
2805.0,123,6142.0,28.971698113207548,3.464917887140917,123,34397.0,0.05811506394745874,123,34397.0
2810.0,104,5227.0,25.37378640776699,3.4883750253530397,104,31856.0,0.06145969378484154,104,31856.0
2815.0,92,4506.0,22.53,3.6224715116839747,92,32303.0,0.08730865868108398,92,32303.0
2820.0,90,4422.0,22.11,3.835146387121977,90,30652.0,0.08841181911264866,90,30652.0
2825.0,104,4690.0,23.5678391959799,3.600343819639606,104,31142.0,0.06773617321157892,104,31142.0
2830.0,98,4401.0,22.34010152284264,3.801949198309612,98,29451.0,0.0737695524687514,98,29451.0
2835.0,93,4478.0,23.082474226804123,3.9339954288330596,93,29875.0,0.07622163100083526,93,29875.0
2840.0,106,4870.0,25.767195767195766,3.81934182465068,106,28333.0,0.07429691907980224,106,28333.0
2845.0,108,5166.0,27.774193548387096,3.8144545029430192,108,28851.0,0.07112480126480193,108,28851.0
2850.0,80,4719.0,25.78688524590164,4.080767982336658,80,25903.0,0.09496779670367153,80,25903.0
2855.0,72,4452.0,24.87150837988827,4.274480231910084,72,26222.0,0.10630080611179042,72,26222.0
2860.0,80,4712.0,26.62146892655367,4.261112321264945,80,24268.0,0.08600268271109161,80,24268.0
2865.0,95,4942.0,28.24,4.223559036615561,95,24570.0,0.06858044095579544,95,24570.0
2870.0,80,4695.0,27.296511627906977,4.405151943817646,80,23003.0,0.07945627430607083,80,23003.0
2875.0,81,4833.0,28.597633136094675,4.619842104875232,81,23364.0,0.091288246462479,81,23364.0
2880.0,87,5180.0,31.779141104294478,4.446262001759396,87,22465.0,0.07552238686547834,87,22465.0
2885.0,88,5401.0,33.75625,4.576319571995023,88,22504.0,0.08749236258415505,88,22504.0
2890.0,65,4923.0,31.356687898089174,4.755658800362667,65,19605.0,0.09099831909942181,65,19605.0
2895.0,56,4724.0,31.28476821192053,4.893158831959726,56,19869.0,0.11510124299413982,56,19869.0
2900.0,68,4946.0,33.19463087248322,4.94784569300216,68,19236.0,0.09100683967064013,68,19236.0
2905.0,75,5104.0,34.72108843537415,4.96439056743035,75,19581.0,0.07381465543982547,75,19581.0
2910.0,63,4907.0,34.31468531468531,4.999273751513823,63,18107.0,0.10313217063427554,63,18107.0
2915.0,66,5145.0,36.48936170212766,5.284769544474635,66,18410.0,0.12701189499378607,66,18410.0
2920.0,69,5407.0,38.621428571428574,5.524171534235568,69,18001.0,0.12492395173774647,69,18001.0
2925.0,68,5697.0,41.88970588235294,5.52162005940555,68,18338.0,0.12260878386686612,68,18338.0
2930.0,62,5900.0,45.038167938931295,5.295443691315261,62,17539.0,0.11203945582591761,62,17539.0
2935.0,65,6196.0,48.78740157480315,5.282203957874871,65,17204.0,0.1101462797027485,65,17204.0
2940.0,67,6454.0,51.632,5.347864073511296,67,16751.0,0.09807867500193347,67,16751.0
2945.0,63,6463.0,53.413223140495866,5.197698335252097,63,17071.0,0.0860801241365822,63,17071.0
2950.0,35,5242.0,44.8034188034188,5.513898061043208,35,13944.0,0.11896952693760036,35,13944.0
2955.0,35,5111.0,45.63392857142857,5.850224583061886,35,14091.0,0.14676687861919507,35,14091.0
2960.0,47,5290.0,48.98148148148148,5.707745304053645,47,13062.0,0.10401508558889105,47,13062.0
2965.0,51,5493.0,51.33644859813084,5.787448091755527,51,13043.0,0.09786477692275874,51,13043.0
2970.0,28,5441.0,53.87128712871287,5.662586316415988,28,10549.0,0.10972844540721659,28,10549.0
2975.0,32,5568.0,56.816326530612244,5.770978749258526,32,10689.0,0.10529693113251125,32,10689.0
2980.0,47,5750.0,59.27835051546392,5.82849348104346,47,10094.0,0.06014286245449771,47,10094.0
2985.0,46,5780.0,61.48936170212766,5.803981833325047,46,10259.0,0.07273281320444384,46,10259.0
2990.0,38,5573.0,60.57608695652174,6.211148763529233,38,9518.0,0.09807204445860673,38,9518.0
2995.0,40,5755.0,62.55434782608695,6.513425045159364,40,9711.0,0.10436626973684594,40,9711.0
3000.0,42,5951.0,67.625,6.634177373271347,42,9599.0,0.10366496521821258,42,9599.0
3005.0,39,6127.0,72.08235294117647,6.62429276019138,39,9806.0,0.10806034693338064,39,9806.0
3010.0,36,6281.0,76.59756097560975,6.712759164867557,36,9545.0,0.12212236835239487,36,9545.0
3015.0,37,6462.0,86.16,6.33221711616622,37,9726.0,0.11169390382787567,37,9726.0
3020.0,38,6649.0,91.08219178082192,6.046212746695012,38,9913.0,0.07209116532686265,38,9913.0
3025.0,38,6833.0,93.6027397260274,6.0812852993992745,38,10107.0,0.08845904962117802,38,10107.0
3030.0,38,7023.0,103.27941176470588,5.383283485093001,38,10263.0,0.06830439147858229,38,10263.0
3035.0,39,7218.0,111.04615384615384,5.04458370247727,39,10458.0,0.07036474362252203,39,10458.0
3040.0,39,7413.0,119.56451612903226,4.778147698766158,39,10653.0,0.07067471557229574,39,10653.0
3045.0,33,7182.0,119.7,4.517784366561661,33,10842.0,0.07219047428773524,33,10842.0
3050.0,11,5884.0,101.44827586206897,5.216110619130698,11,8261.0,0.13127797178509845,11,8261.0
3055.0,17,4814.0,84.45614035087719,5.688481854908422,17,8329.0,0.11375209116629821,17,8329.0
3060.0,22,1929.0,38.58,5.4811539401966085,22,6366.0,0.08461817813859347,22,6366.0
3065.0,13,112.0,2.24,6.261635245868008,13,6318.0,0.11343972891994142,13,6318.0
3070.0,5,18.0,0.375,7.3999339698862014,5,4729.0,0.2603276725672905,5,4729.0
3075.0,12,45.0,0.9375,7.97722070528803,12,4766.0,0.2443625849418913,12,4766.0
3080.0,8,48.0,1.0,9.047599045172126,8,3461.0,0.313480938116542,8,3461.0
3085.0,8,69.0,1.4375,9.43173600180503,8,3498.0,0.26237475707429103,8,3498.0
3090.0,11,117.0,2.4893617021276597,9.265535345442276,11,3545.0,0.23300679625788023,11,3545.0
3095.0,13,180.0,3.8297872340425534,9.461581853632264,13,3608.0,0.22933018029399585,13,3608.0
3100.0,13,245.0,5.326086956521739,9.522767529768208,13,3673.0,0.23082105842406064,13,3673.0
3105.0,13,310.0,6.739130434782608,9.395825317073683,13,3738.0,0.25721249109003996,13,3738.0
3110.0,13,375.0,8.522727272727273,9.236008049853417,13,3803.0,0.2701134205376669,13,3803.0
3115.0,13,440.0,11.0,8.8003785993285,13,3868.0,0.27247540118372754,13,3868.0
3120.0,13,505.0,14.852941176470589,8.1321254901761,13,3933.0,0.2726096536220485,13,3933.0
3125.0,13,570.0,17.272727272727273,7.828476168851175,13,3998.0,0.25202681873461774,13,3998.0
3130.0,14,639.0,21.3,6.927439861589095,14,4067.0,0.21800147536828607,14,4067.0
3135.0,15,710.0,30.869565217391305,4.270429319933188,15,4138.0,0.1427195800312555,15,4138.0
3140.0,16,788.0,37.523809523809526,3.166869556130091,16,4216.0,0.1093330562613712,16,4216.0
3145.0,14,849.0,42.45,2.6881194169369937,14,4294.0,0.10970499125267955,14,4294.0
3150.0,15,921.0,51.166666666666664,1.3954236352869893,15,4349.0,0.060614341211687905,15,4349.0
3155.0,15,996.0,49.8,2.76647875775796,15,4424.0,0.08444940052015663,15,4424.0
3160.0,15,1071.0,51.0,3.7935889072554363,15,4499.0,0.14840273803697995,15,4499.0
3165.0,15,1146.0,52.09090909090909,4.395585435521884,15,4574.0,0.19893618294648777,15,4574.0
3170.0,15,1221.0,55.5,4.5102668261343535,15,4649.0,0.20642273784754356,15,4649.0
3175.0,15,1296.0,58.90909090909091,4.50675670501053,15,4724.0,0.2052730560714353,15,4724.0
3180.0,15,1371.0,57.125,5.038618059815071,15,4799.0,0.2683475484902965,15,4799.0
3185.0,15,1446.0,60.25,5.197001008096598,15,4874.0,0.281434399321713,15,4874.0
3190.0,15,1521.0,63.375,5.174255242869976,15,4949.0,0.28082950729466194,15,4949.0
3195.0,15,1596.0,66.5,5.142370029052024,15,5024.0,0.2770747706162349,15,5024.0
3200.0,15,1671.0,69.625,5.139517764688735,15,5099.0,0.27849031332825586,15,5099.0
3205.0,15,1746.0,75.91304347826087,4.34911614873842,15,5174.0,0.2302062856808497,15,5174.0
3210.0,15,1821.0,79.17391304347827,4.3703377248937185,15,5249.0,0.2061902613940969,15,5249.0
3215.0,16,1897.0,86.22727272727273,3.435199953634614,16,5325.0,0.15435723665246825,16,5325.0
3220.0,16,1977.0,94.14285714285714,3.089555335139721,16,5405.0,0.10929773459220016,16,5405.0
3225.0,15,2046.0,97.42857142857143,3.259249980633296,15,5484.0,0.11208854550359201,15,5484.0
3230.0,15,2121.0,101.0,3.4455751694592673,15,5549.0,0.11489294417660702,15,5549.0
3235.0,15,2196.0,104.57142857142857,3.611200783872727,15,5624.0,0.11492203879641363,15,5624.0
3240.0,15,2271.0,108.14285714285714,2.7628611514878503,15,5699.0,0.013070805514309771,15,5699.0
3245.0,15,2346.0,111.71428571428571,2.834702728318557,15,5781.0,0.008951778840058362,15,5781.0
3250.0,15,2421.0,115.28571428571429,3.221572895309418,15,5849.0,0.0,15,5849.0
3255.0,15,2496.0,118.85714285714286,3.5488245316660656,15,5924.0,0.0,15,5924.0
3260.0,15,2571.0,122.42857142857143,3.6798348559527496,15,5999.0,0.04543944980745416,15,5999.0
3265.0,15,2646.0,132.3,3.397007886000698,15,6074.0,0.061155580176865725,15,6074.0
3270.0,15,2721.0,136.05,3.408917767939717,15,6149.0,0.0612322658189023,15,6149.0
3275.0,15,2796.0,139.8,3.4103508870476857,15,6224.0,0.06101633643302183,15,6224.0
3280.0,15,2871.0,151.10526315789474,2.886910570538494,15,6299.0,0.06109474506784776,15,6299.0
3285.0,15,2946.0,155.05263157894737,2.8807104675228064,15,6374.0,0.06065466650258007,15,6374.0
3290.0,15,3021.0,167.83333333333334,2.202269230034867,15,6449.0,0.061724420525230916,15,6449.0
3295.0,15,3096.0,172.0,2.1771639233495734,15,6524.0,0.061293876731300316,15,6524.0
3300.0,15,3171.0,176.16666666666666,2.2092054448667833,15,6599.0,0.06209193550373407,15,6599.0
3305.0,15,3246.0,180.33333333333334,2.2253135781665767,15,6674.0,0.06203136033266605,15,6674.0
3310.0,15,3321.0,184.5,2.2267855749784164,15,6749.0,0.06216242023723114,15,6749.0
3315.0,15,3396.0,199.76470588235293,1.2342778776112002,15,6824.0,0.0,15,6824.0
3320.0,15,3471.0,216.9375,0.7646172334217438,15,6899.0,0.0,15,6899.0
3325.0,15,3546.0,221.625,0.8997680343897972,15,6974.0,0.0,15,6974.0
3330.0,15,3621.0,226.3125,0.9260435675466742,15,7049.0,0.0,15,7049.0
3335.0,15,3696.0,231.0,0.9229971421961981,15,7124.0,0.0,15,7124.0
3340.0,15,3771.0,235.6875,0.9298337616280495,15,7199.0,0.0,15,7199.0
3345.0,15,3846.0,240.375,0.9116519166643574,15,7274.0,0.0,15,7274.0
3350.0,15,3921.0,230.64705882352942,1.5545627325574116,15,7349.0,0.057724429628428296,15,7349.0
3355.0,15,3996.0,235.05882352941177,1.5790508986458054,15,7424.0,0.060071750431786794,15,7424.0
3360.0,15,4071.0,239.47058823529412,1.612209944778361,15,7499.0,0.06215345802433595,15,7499.0
3365.0,15,4146.0,230.33333333333334,2.202936865180491,15,7574.0,0.11142165338490255,15,7574.0
3370.0,15,4221.0,222.1578947368421,2.6045435183196384,15,7649.0,0.1913116509617599,15,7649.0
3375.0,15,4296.0,226.10526315789474,2.807751497496498,15,7724.0,0.20554588618127612,15,7724.0
3380.0,15,4371.0,230.05263157894737,2.834749567146702,15,7796.0,0.2073634303239351,15,7796.0
3385.0,15,4446.0,234.0,2.821378734191433,15,7866.0,0.20633424247602855,15,7866.0
3390.0,15,4521.0,237.94736842105263,2.803120666798199,15,7936.0,0.2051285154208934,15,7936.0
3395.0,15,4596.0,229.8,3.1812647500967093,15,8011.0,0.23461078996476337,15,8011.0
3400.0,15,4671.0,233.55,3.34463095594933,15,8086.0,0.2471637569401363,15,8086.0
3405.0,15,4746.0,237.3,2.924586258913334,15,8161.0,0.2142087936576753,15,8161.0
3410.0,16,4825.0,241.25,2.7022832221388833,16,8234.0,0.1967286755648583,16,8234.0
3415.0,16,4905.0,245.25,2.6059842091274787,16,8304.0,0.18987330956270881,16,8304.0
3420.0,17,4988.0,237.52380952380952,2.4168494923547263,17,8377.0,0.1786716609188189,17,8377.0
3425.0,16,5065.0,241.1904761904762,1.5484410677518796,16,8451.0,0.11560872443537787,16,8451.0
3430.0,17,5150.0,245.23809523809524,1.698059128125441,17,8519.0,0.10418207889550761,17,8519.0
3435.0,17,5235.0,249.28571428571428,2.0143202196614767,17,8594.0,0.10405833390484849,17,8594.0
3440.0,17,5320.0,253.33333333333334,2.357691103836091,17,8669.0,0.1033251327089389,17,8669.0
3445.0,17,5405.0,257.3809523809524,2.5194605975752484,17,8749.0,0.10358937651569698,17,8749.0
3450.0,17,5490.0,249.54545454545453,2.9183686986118187,17,8834.0,0.13921361003735794,17,8834.0
3455.0,17,5575.0,253.4090909090909,2.5838761973856816,17,8919.0,0.10946021670688824,17,8919.0
3460.0,18,5664.0,257.45454545454544,2.427781776288408,18,9008.0,0.09653793793709982,18,9008.0
3465.0,17,5745.0,261.1363636363636,2.467168039217597,17,9089.0,0.10053821315077771,17,9089.0
3470.0,17,5830.0,265.0,2.6322688923117727,17,9156.0,0.10300369216968994,17,9156.0
3475.0,17,5915.0,268.8636363636364,2.7175467348589493,17,9231.0,0.09365925487457662,17,9231.0
3480.0,18,6001.0,272.77272727272725,2.427549689311856,18,9307.0,0.05245794397148801,18,9307.0
3485.0,18,6091.0,276.8636363636364,2.4490400420998353,18,9387.0,0.052249431005139,18,9387.0
3490.0,18,6181.0,294.3333333333333,1.8981978372513064,18,9467.0,0.05109909956615932,18,9467.0
3495.0,18,6271.0,313.55,1.3141724418458134,18,9547.0,0.05173875264359288,18,9547.0
3500.0,18,6361.0,318.05,1.3126720573129669,18,9627.0,0.0516184039893372,18,9627.0
3505.0,18,6451.0,322.55,0.8602080469250251,18,9707.0,0.017388489087136864,18,9707.0
3510.0,19,6545.0,327.25,0.6373345981728484,19,9791.0,1.0033618148867122e-05,19,9791.0
3515.0,19,6640.0,316.1904761904762,1.183964908651567,19,9876.0,0.042706143304059536,19,9876.0
3520.0,19,6735.0,320.7142857142857,1.28273586587743,19,9961.0,0.04868779061552837,19,9961.0
3525.0,19,6830.0,325.23809523809524,1.2703168045745574,19,10046.0,0.04890930113738674,19,10046.0
3530.0,19,6925.0,329.76190476190476,1.3023540964222147,19,10131.0,0.049712031909823144,19,10131.0
3535.0,19,7020.0,351.0,0.7077794020957503,19,10214.0,0.04886463412702015,19,10214.0
3540.0,19,7115.0,355.75,0.7223271801156648,19,10294.0,0.049869003353080296,19,10294.0
3545.0,19,7210.0,360.5,0.711965884572985,19,10371.0,0.04915366618124992,19,10371.0
3550.0,19,7305.0,365.25,0.7207806554759577,19,10446.0,0.04976223228788125,19,10446.0
3555.0,19,7400.0,370.0,0.718411652239431,19,10521.0,0.0495986778300151,19,10521.0
3560.0,19,7495.0,374.75,0.6997716452946611,19,10596.0,0.04831178375428431,19,10596.0
3565.0,19,7590.0,379.5,0.3923038658062035,19,10671.0,0.027084406260585704,19,10671.0
3570.0,20,7688.0,384.4,7.118699260495528e-05,20,10749.0,4.9147041266587245e-06,20,10749.0
3575.0,20,7788.0,389.4,0.0,20,10829.0,0.0,20,10829.0
3580.0,20,7888.0,394.4,0.0,20,10909.0,0.0,20,10909.0
3585.0,20,7988.0,399.4,0.0,20,10989.0,0.0,20,10989.0
3590.0,20,8088.0,404.4,0.0,20,11069.0,0.0,20,11069.0
3595.0,20,8188.0,409.4,0.0,20,11149.0,0.0,20,11149.0
3600.0,20,8288.0,414.4,0.0,20,11229.0,0.0,20,11229.0
3605.0,20,8388.0,419.4,0.0,20,11309.0,0.0,20,11309.0
3610.0,20,8488.0,424.4,0.0,20,11389.0,0.0,20,11389.0
3615.0,20,8588.0,429.4,0.0,20,11469.0,0.0,20,11469.0
3620.0,20,8688.0,434.4,0.0,20,11549.0,0.0,20,11549.0
3625.0,20,8788.0,439.4,0.0,20,11629.0,0.0,20,11629.0
3630.0,20,8888.0,444.4,0.0,20,11709.0,0.0,20,11709.0
3635.0,20,8988.0,428.0,0.5656349590946255,20,11789.0,0.044162736425628873,20,11789.0
3640.0,20,9088.0,432.76190476190476,0.6052809312205876,20,11869.0,0.0472581508606546,20,11869.0
3645.0,20,9188.0,437.5238095238095,0.5964596372206588,20,11949.0,0.04656941605813215,20,11949.0
3650.0,20,9288.0,442.2857142857143,0.5884825948623789,20,12029.0,0.04594659737717813,20,12029.0
3655.0,20,9388.0,447.04761904761904,0.6030758353513647,20,12109.0,0.047085984932612235,20,12109.0
3660.0,20,9488.0,451.8095238095238,0.5982831555682748,20,12189.0,0.046711789790268445,20,12189.0
3665.0,20,9588.0,456.57142857142856,0.59673643421162,20,12264.0,0.04659102736832201,20,12264.0
3670.0,20,9688.0,461.3333333333333,0.6022559157925462,20,12337.0,0.047021968572265135,20,12337.0
3675.0,20,9788.0,466.0952380952381,0.5947794345992687,20,12407.0,0.04643823190072279,20,12407.0
3680.0,20,9888.0,470.85714285714283,0.5875496463925737,20,12477.0,0.04587375612734334,20,12477.0
3685.0,20,9988.0,475.6190476190476,0.5911666624700588,20,12547.0,0.04615615969011626,20,12547.0
3690.0,20,10088.0,480.3809523809524,0.48819314685265197,20,12617.0,0.03811635918642932,20,12617.0
3695.0,21,10191.0,485.2857142857143,0.0005330011225918897,21,12690.0,4.1614804235698076e-05,21,12690.0
3700.0,21,10296.0,490.2857142857143,0.0,21,12765.0,0.0,21,12765.0
3705.0,21,10401.0,495.2857142857143,0.0,21,12840.0,0.0,21,12840.0
3710.0,21,10506.0,500.2857142857143,0.0,21,12915.0,0.0,21,12915.0
3715.0,21,10611.0,505.2857142857143,0.0,21,12990.0,0.0,21,12990.0
3720.0,21,10716.0,510.2857142857143,0.0,21,13065.0,0.0,21,13065.0
3725.0,21,10821.0,515.2857142857143,0.0,21,13140.0,0.0,21,13140.0
3730.0,21,10926.0,520.2857142857143,0.0,21,13215.0,0.0,21,13215.0
3735.0,21,11031.0,525.2857142857143,0.0,21,13290.0,0.0,21,13290.0
3740.0,21,11136.0,530.2857142857143,0.0,21,13365.0,0.0,21,13365.0
3745.0,21,11241.0,535.2857142857143,0.0,21,13440.0,0.0,21,13440.0
3750.0,21,11346.0,540.2857142857143,0.0,21,13515.0,0.0,21,13515.0
3755.0,21,11451.0,545.2857142857143,0.0,21,13590.0,0.0,21,13590.0
3760.0,21,11556.0,550.2857142857143,0.0,21,13665.0,0.0,21,13665.0
3765.0,21,11661.0,555.2857142857143,0.0,21,13740.0,0.0,21,13740.0
3770.0,21,11766.0,560.2857142857143,0.0,21,13815.0,0.0,21,13815.0
3775.0,21,11871.0,565.2857142857143,0.0,21,13890.0,0.0,21,13890.0
3780.0,21,11976.0,570.2857142857143,0.0,21,13965.0,0.0,21,13965.0
3785.0,21,12081.0,575.2857142857143,0.0,21,14040.0,0.0,21,14040.0
3790.0,21,12186.0,580.2857142857143,0.0,21,14115.0,0.0,21,14115.0
3795.0,21,12291.0,585.2857142857143,0.0,21,14190.0,0.0,21,14190.0
3800.0,21,12396.0,590.2857142857143,0.0,21,14265.0,0.0,21,14265.0
3805.0,21,12501.0,595.2857142857143,0.0,21,14340.0,0.0,21,14340.0
3810.0,21,12606.0,600.2857142857143,0.0,21,14415.0,0.0,21,14415.0
3815.0,21,12711.0,605.2857142857143,0.0,21,14490.0,0.0,21,14490.0
3820.0,21,12816.0,610.2857142857143,0.0,21,14565.0,0.0,21,14565.0
3825.0,21,12921.0,615.2857142857143,0.0,21,14640.0,0.0,21,14640.0
3830.0,21,13026.0,620.2857142857143,0.0,21,14715.0,0.0,21,14715.0
3835.0,21,13131.0,625.2857142857143,0.0,21,14790.0,0.0,21,14790.0
3840.0,21,13236.0,630.2857142857143,0.0,21,14865.0,0.0,21,14865.0
3845.0,21,13341.0,635.2857142857143,0.0,21,14940.0,0.0,21,14940.0
3850.0,21,13446.0,640.2857142857143,0.0,21,15015.0,0.0,21,15015.0
3855.0,21,13551.0,645.2857142857143,0.0,21,15090.0,0.0,21,15090.0
3860.0,21,13656.0,650.2857142857143,0.0,21,15165.0,0.0,21,15165.0
3865.0,15,9446.0,449.8095238095238,0.22625683565413401,15,15234.0,0.016264897252114673,15,15234.0
3870.0,7,5157.0,245.57142857142858,2.4507660782804304,7,7993.0,0.07107862706452367,7,7993.0
3875.0,11,5201.0,247.66666666666666,3.8102580389131258,11,8007.0,0.0009227170010507152,11,8007.0
3880.0,11,5256.0,250.28571428571428,5.529416567167853,11,8032.0,0.0,11,8032.0
3885.0,11,5311.0,252.9047619047619,6.269844372293319,11,8057.0,0.0,11,8057.0
3890.0,11,5366.0,255.52380952380952,6.3634621922583525,11,8082.0,0.0,11,8082.0
3895.0,11,5421.0,258.14285714285717,6.348463348914609,11,8107.0,0.0,11,8107.0
3900.0,11,5476.0,260.76190476190476,6.335295094911965,11,8132.0,0.0,11,8132.0
3905.0,11,5531.0,263.3809523809524,6.371839018975268,11,8157.0,0.0,11,8157.0
3910.0,11,5586.0,266.0,6.375594885009623,11,8182.0,0.0,11,8182.0
3915.0,11,5641.0,268.6190476190476,6.419563855165233,11,8207.0,0.0,11,8207.0
3920.0,11,5696.0,271.23809523809524,6.393856414420635,11,8232.0,0.0,11,8232.0
3925.0,11,5751.0,273.85714285714283,6.4263637962050995,11,8257.0,0.0,11,8257.0
3930.0,11,5806.0,362.875,3.9259127075902374,11,8282.0,0.0,11,8282.0
3935.0,11,5861.0,418.64285714285717,2.5439072911244662,11,8307.0,0.0,11,8307.0
3940.0,11,5916.0,493.0,0.9221108430022752,11,8332.0,0.0,11,8332.0
3945.0,11,5971.0,542.8181818181819,0.0,11,8357.0,0.0,11,8357.0
3950.0,11,6026.0,547.8181818181819,0.0,11,8382.0,0.0,11,8382.0
3955.0,11,6081.0,506.75,0.9643507736107663,11,8407.0,0.07994898835082505,11,8407.0
3960.0,11,6136.0,511.3333333333333,0.989016226742465,11,8432.0,0.08199386463345655,11,8432.0
3965.0,11,6191.0,515.9166666666666,0.9777146893003663,11,8457.0,0.08105691667838656,11,8457.0
3970.0,11,6246.0,520.5,0.9727122184678154,11,8482.0,0.08064218949273869,11,8482.0
3975.0,11,6301.0,525.0833333333334,0.9952278595372431,11,8507.0,0.0825088367489347,11,8507.0
3980.0,11,6356.0,529.6666666666666,0.9850807293428127,11,8532.0,0.08166759431318561,11,8532.0
3985.0,11,6411.0,534.25,0.994129770733542,11,8557.0,0.08241780028027863,11,8557.0
3990.0,11,6466.0,538.8333333333334,0.9700127197694672,11,8582.0,0.08041838898788793,11,8582.0
3995.0,11,6521.0,543.4166666666666,0.9837406825752791,11,8607.0,0.08155649844813441,11,8607.0
4000.0,11,6576.0,548.0,1.002221543106454,11,8632.0,0.08308864436822104,11,8632.0
4005.0,11,6631.0,552.5833333333334,0.983182219339583,11,8657.0,0.08151019935039235,11,8657.0
4010.0,11,6686.0,557.1666666666666,0.9742660504584685,11,8682.0,0.08077100910808956,11,8682.0
4015.0,11,6741.0,561.75,0.3676200440021649,11,8707.0,0.03047734436444978,11,8707.0
4020.0,12,6800.0,566.6666666666666,0.0,12,8736.0,0.0,12,8736.0
4025.0,11,6851.0,570.9166666666666,0.044136688695289195,11,8765.0,0.003659128718413746,11,8765.0
4030.0,11,6906.0,575.5,0.3248218357233175,11,8782.0,0.0,11,8782.0
4035.0,11,6961.0,580.0833333333334,0.6754086893245889,11,8807.0,0.0,11,8807.0
4040.0,11,7016.0,584.6666666666666,0.9838424269569125,11,8832.0,0.0,11,8832.0
4045.0,11,7071.0,589.25,0.9877794497077216,11,8857.0,0.0,11,8857.0
4050.0,11,7126.0,593.8333333333334,0.9727209175639339,11,8882.0,0.0,11,8882.0
4055.0,11,7181.0,598.4166666666666,0.9659822419415091,11,8907.0,0.0,11,8907.0
4060.0,11,7236.0,603.0,0.9826306958637528,11,8935.0,0.0,11,8935.0
4065.0,11,7291.0,607.5833333333334,0.9814349560836658,11,8984.0,0.0,11,8984.0
4070.0,11,7346.0,612.1666666666666,0.9769329377327133,11,9032.0,0.0,11,9032.0
4075.0,11,7401.0,616.75,0.9650180311168562,11,9065.0,0.0,11,9065.0
4080.0,11,7456.0,621.3333333333334,0.9815416529477127,11,9100.0,0.0,11,9100.0
4085.0,11,7511.0,625.9166666666666,0.9780729760506364,11,9149.0,0.0,11,9149.0
4090.0,11,7566.0,630.5,0.9636764625197295,11,9186.0,0.0,11,9186.0
4095.0,11,7621.0,635.0833333333334,0.9987105067288987,11,9208.0,0.0,11,9208.0
4100.0,11,7676.0,697.8181818181819,0.0,11,9228.0,0.0,11,9228.0
4105.0,11,7731.0,702.8181818181819,0.0,11,9248.0,0.0,11,9248.0
4110.0,11,7786.0,707.8181818181819,0.0,11,9268.0,0.0,11,9268.0
4115.0,11,7841.0,712.8181818181819,0.0,11,9288.0,0.0,11,9288.0
4120.0,11,7896.0,717.8181818181819,0.0,11,9308.0,0.0,11,9308.0
4125.0,11,7951.0,722.8181818181819,0.0,11,9328.0,0.0,11,9328.0
4130.0,11,8006.0,727.8181818181819,0.0,11,9348.0,0.0,11,9348.0
4135.0,11,8061.0,732.8181818181819,0.0,11,9368.0,0.0,11,9368.0
4140.0,11,8116.0,737.8181818181819,0.0,11,9388.0,0.0,11,9388.0
4145.0,11,8171.0,742.8181818181819,0.0,11,9408.0,0.0,11,9408.0
4150.0,11,8226.0,747.8181818181819,0.0,11,9428.0,0.0,11,9428.0
4155.0,11,8281.0,752.8181818181819,0.0,11,9448.0,0.0,11,9448.0
4160.0,11,8336.0,757.8181818181819,0.0,11,9468.0,0.0,11,9468.0
4165.0,11,8391.0,762.8181818181819,0.0,11,9488.0,0.0,11,9488.0
4170.0,11,8446.0,767.8181818181819,0.0,11,9508.0,0.0,11,9508.0
4175.0,11,8501.0,772.8181818181819,0.0,11,9528.0,0.0,11,9528.0
4180.0,11,8556.0,713.0,0.8333333333333334,11,9548.0,0.05870946314117748,11,9548.0
4185.0,11,8611.0,717.5833333333334,1.1688542007697114,11,9568.0,0.08234736314099982,11,9568.0
4190.0,11,8666.0,722.1666666666666,1.1783180041758177,11,9588.0,0.08301410092169519,11,9588.0
4195.0,11,8721.0,726.75,1.14609434405531,11,9608.0,0.08074390037835266,11,9608.0
4200.0,11,8776.0,731.3333333333334,1.1666720098132413,11,9628.0,0.08219362482956873,11,9628.0
4205.0,11,8831.0,735.9166666666666,1.1442450084952005,11,9648.0,0.08061361218087036,11,9648.0
4210.0,11,8886.0,740.5,1.1715989274220686,11,9668.0,0.08254073285487482,11,9668.0
4215.0,11,8941.0,745.0833333333334,1.1631079516505036,11,9688.0,0.08194253209996281,11,9688.0
4220.0,11,8996.0,749.6666666666666,1.1689285010735337,11,9708.0,0.08235259769813817,11,9708.0
4225.0,11,9051.0,754.25,1.1466426880734806,11,9728.0,0.08078253195786082,11,9728.0
4230.0,11,9106.0,758.8333333333334,1.1496312862374187,11,9748.0,0.08099308275036025,11,9748.0
4235.0,11,9161.0,763.4166666666666,0.36291894368788835,11,9768.0,0.02556813161721498,11,9768.0
4240.0,12,9221.0,768.4166666666666,4.937661900823666e-05,12,9793.0,3.478649752440041e-06,12,9793.0
4245.0,12,9281.0,713.9230769230769,0.7692307692307693,12,9818.0,0.05108873152197213,12,9818.0
4250.0,12,9341.0,718.5384615384615,1.0427407118706749,12,9843.0,0.06925399035852832,12,9843.0
4255.0,12,9401.0,723.1538461538462,1.1214232083736162,12,9868.0,0.07447971597964077,12,9868.0
4260.0,12,9461.0,727.7692307692307,1.1551983957666219,12,9893.0,0.076722906904714,12,9893.0
4265.0,12,9521.0,732.3846153846154,1.1201383823550553,12,9918.0,0.07439438380867165,12,9918.0
4270.0,12,9581.0,737.0,1.1365187514809922,12,9943.0,0.07548229177332919,12,9943.0
4275.0,12,9641.0,741.6153846153846,1.153117564770482,12,9968.0,0.07658470778377831,12,9968.0
4280.0,12,9701.0,746.2307692307693,1.1419595016492705,12,9993.0,0.07584364110534207,12,9993.0
4285.0,12,9761.0,750.8461538461538,1.1537190383393492,12,10018.0,0.07662465486195894,12,10018.0
4290.0,12,9821.0,755.4615384615385,1.1420557598461785,12,10043.0,0.07585003412727429,12,10043.0
4295.0,12,9881.0,760.0769230769231,1.1247827347838142,12,10068.0,0.07470284010529582,12,10068.0
4300.0,13,9942.0,764.7692307692307,0.0020409426401780434,13,10094.0,0.00013554992177454135,13,10094.0
4305.0,13,10007.0,769.7692307692307,0.0,13,10124.0,0.0,13,10124.0
4310.0,13,10072.0,774.7692307692307,0.0,13,10154.0,0.0,13,10154.0
4315.0,13,10137.0,779.7692307692307,0.0,13,10184.0,0.0,13,10184.0
4320.0,13,10202.0,728.7142857142857,0.7625369588162617,13,10214.0,0.05116811368555968,13,10214.0
4325.0,13,10267.0,733.3571428571429,1.058687586378905,13,10244.0,0.07104055239685696,13,10244.0
4330.0,13,10332.0,738.0,1.057392322815738,13,10274.0,0.07095363701198726,13,10274.0
4335.0,13,10397.0,742.6428571428571,1.051231509473557,13,10304.0,0.0705402312172339,13,10304.0
4340.0,13,10462.0,747.2857142857143,1.0377911822952026,13,10334.0,0.06963835206097539,13,10334.0
4345.0,13,10527.0,751.9285714285714,1.0492261884083933,13,10364.0,0.07040566921987497,13,10364.0
4350.0,13,10592.0,756.5714285714286,1.0641239931073667,13,10394.0,0.07140534871827683,13,10394.0
4355.0,13,10657.0,761.2142857142857,1.0317988343718292,13,10424.0,0.06923625071199607,13,10424.0
4360.0,13,10722.0,765.8571428571429,1.0291306795634025,13,10454.0,0.0690572109330191,13,10454.0
4365.0,13,10787.0,770.5,1.0477606246046818,13,10484.0,0.07030732626815997,13,10484.0
4370.0,13,10852.0,775.1428571428571,1.059703687214076,13,10514.0,0.0711087352730427,13,10514.0
4375.0,13,10917.0,779.7857142857143,1.0528830713590969,13,10544.0,0.0,13,10544.0
4380.0,13,10982.0,784.4285714285714,1.0474094041605044,13,10574.0,0.0,13,10574.0
4385.0,13,11047.0,789.0714285714286,1.050212301662973,13,10604.0,0.0,13,10604.0
4390.0,13,11112.0,793.7142857142857,1.058079907105021,13,10634.0,0.0,13,10634.0
4395.0,13,11177.0,798.3571428571429,1.043880455378692,13,10664.0,0.0,13,10664.0
4400.0,13,11242.0,803.0,1.0327688347397068,13,10694.0,0.0,13,10694.0
4405.0,13,11307.0,807.6428571428571,1.0534172945355027,13,10724.0,0.0,13,10724.0
4410.0,13,11372.0,812.2857142857143,1.057767511037627,13,10750.0,0.0,13,10750.0
4415.0,13,11437.0,816.9285714285714,1.0526472977194765,13,10775.0,0.0,13,10775.0
4420.0,13,11502.0,821.5714285714286,1.0472896609653415,13,10800.0,0.0,13,10800.0
4425.0,13,11567.0,889.7692307692307,0.0,13,10825.0,0.0,13,10825.0
4430.0,13,11632.0,894.7692307692307,0.0,13,10850.0,0.0,13,10850.0
4435.0,13,11697.0,899.7692307692307,0.0,13,10875.0,0.0,13,10875.0
4440.0,13,11762.0,904.7692307692307,0.0,13,10900.0,0.0,13,10900.0
4445.0,13,11827.0,909.7692307692307,0.0,13,10925.0,0.0,13,10925.0
4450.0,13,11892.0,914.7692307692307,0.0,13,10950.0,0.0,13,10950.0
4455.0,13,11957.0,919.7692307692307,0.0,13,10975.0,0.0,13,10975.0
4460.0,13,12022.0,924.7692307692307,0.0,13,11000.0,0.0,13,11000.0
4465.0,13,12087.0,929.7692307692307,0.0,13,11025.0,0.0,13,11025.0
4470.0,13,12152.0,934.7692307692307,0.0,13,11050.0,0.0,13,11050.0
4475.0,13,12217.0,939.7692307692307,0.0,13,11075.0,0.0,13,11075.0
4480.0,13,12282.0,944.7692307692307,0.0,13,11099.0,0.0,13,11099.0
4485.0,13,12347.0,949.7692307692307,0.0,13,11119.0,0.0,13,11119.0
4490.0,13,12412.0,954.7692307692307,0.0,13,11139.0,0.0,13,11139.0
4495.0,13,12477.0,959.7692307692307,0.0,13,11159.0,0.0,13,11159.0
4500.0,13,12542.0,964.7692307692307,0.0,13,11179.0,0.0,13,11179.0
4505.0,13,12607.0,969.7692307692307,0.0,13,11199.0,0.0,13,11199.0
4510.0,13,12672.0,974.7692307692307,0.0,13,11219.0,0.0,13,11219.0
4515.0,13,12737.0,979.7692307692307,0.0,13,11239.0,0.0,13,11239.0
4520.0,13,12802.0,984.7692307692307,0.0,13,11259.0,0.0,13,11259.0
4525.0,13,12867.0,989.7692307692307,0.0,13,11279.0,0.0,13,11279.0
4530.0,13,12932.0,994.7692307692307,0.0,13,11299.0,0.0,13,11299.0
4535.0,13,12997.0,999.7692307692307,0.0,13,11319.0,0.0,13,11319.0
4540.0,13,13062.0,1004.7692307692307,0.0,13,11339.0,0.0,13,11339.0
4545.0,13,13127.0,1009.7692307692307,0.0,13,11359.0,0.0,13,11359.0
4550.0,13,13192.0,1014.7692307692307,0.0,13,11379.0,0.0,13,11379.0
4555.0,13,13257.0,1019.7692307692307,0.0,13,11399.0,0.0,13,11399.0
4560.0,13,13322.0,1024.7692307692307,0.0,13,11419.0,0.0,13,11419.0
4565.0,13,13387.0,1029.7692307692307,0.0,13,11439.0,0.0,13,11439.0
4570.0,13,13452.0,1034.7692307692307,0.0,13,11456.0,0.0,13,11456.0
4575.0,13,13517.0,1039.7692307692307,0.0,13,11471.0,0.0,13,11471.0
4580.0,13,13582.0,1044.7692307692307,0.0,13,11486.0,0.0,13,11486.0
4585.0,13,13647.0,1049.7692307692307,0.0,13,11501.0,0.0,13,11501.0
4590.0,13,13712.0,1054.7692307692307,0.0,13,11516.0,0.0,13,11516.0
4595.0,13,13777.0,1059.7692307692307,0.0,13,11531.0,0.0,13,11531.0
4600.0,13,13842.0,1064.7692307692307,0.0,13,11546.0,0.0,13,11546.0
4605.0,13,13907.0,1069.7692307692307,0.0,13,11561.0,0.0,13,11561.0
4610.0,13,13972.0,1074.7692307692307,0.0,13,11576.0,0.0,13,11576.0
4615.0,13,14037.0,1079.7692307692307,0.0,13,11591.0,0.0,13,11591.0
4620.0,13,14102.0,1084.7692307692307,0.0,13,11606.0,0.0,13,11606.0
4625.0,13,14167.0,1089.7692307692307,0.0,13,11621.0,0.0,13,11621.0
4630.0,13,14232.0,1094.7692307692307,0.0,13,11636.0,0.0,13,11636.0
4635.0,8,10848.0,834.4615384615385,0.3260627334507612,8,11646.0,0.02404707611284348,8,11646.0
4640.0,8,10888.0,837.5384615384615,1.756137084744226,8,7341.0,0.0,8,7341.0
4645.0,8,10928.0,840.6153846153846,3.1866507249651477,8,7346.0,0.0,8,7346.0
4650.0,8,10968.0,843.6923076923077,4.574973980875215,8,7351.0,0.0,8,7351.0
4655.0,8,11008.0,846.7692307692307,5.129010090001902,8,7356.0,0.0,8,7356.0
4660.0,8,11048.0,849.8461538461538,5.108708400034962,8,7361.0,0.0,8,7361.0
4665.0,8,11088.0,852.9230769230769,5.110486022140444,8,7366.0,0.0,8,7366.0
4670.0,8,11128.0,856.0,5.111847136202956,8,7371.0,0.0,8,7371.0
4675.0,8,11168.0,859.0769230769231,5.156810409682416,8,7376.0,0.0,8,7376.0
4680.0,8,11208.0,862.1538461538462,5.153196469134837,8,7381.0,0.0,8,7381.0
4685.0,8,11248.0,865.2307692307693,5.093885249321392,8,7386.0,0.0,8,7386.0
4690.0,8,11288.0,868.3076923076923,5.106745755395895,8,7391.0,0.0,8,7391.0
4695.0,8,11328.0,871.3846153846154,5.1008165267879715,8,7396.0,0.0,8,7396.0
4700.0,8,11368.0,1033.4545454545455,3.4872368350838228,8,7401.0,0.0,8,7401.0
4705.0,8,11408.0,1426.0,0.0,8,7406.0,0.0,8,7406.0
4710.0,8,11448.0,1431.0,0.0,8,7411.0,0.0,8,7411.0
4715.0,8,11488.0,1436.0,0.0,8,7416.0,0.0,8,7416.0
4720.0,8,11528.0,1441.0,0.0,8,7421.0,0.0,8,7421.0
4725.0,8,11568.0,1446.0,0.0,8,7426.0,0.0,8,7426.0
4730.0,8,11608.0,1451.0,0.0,8,7431.0,0.0,8,7431.0
4735.0,8,11648.0,1456.0,0.0,8,7436.0,0.0,8,7436.0
4740.0,8,11688.0,1461.0,0.0,8,7441.0,0.0,8,7441.0
4745.0,8,11728.0,1466.0,0.0,8,7446.0,0.0,8,7446.0
4750.0,8,11768.0,1471.0,0.0,8,7451.0,0.0,8,7451.0
4755.0,8,11808.0,1476.0,0.0,8,7456.0,0.0,8,7456.0
4760.0,8,11848.0,1481.0,0.0,8,7461.0,0.0,8,7461.0
4765.0,8,11888.0,1486.0,0.0,8,7466.0,0.0,8,7466.0
4770.0,8,11928.0,1491.0,0.0,8,7471.0,0.0,8,7471.0
4775.0,8,11968.0,1496.0,0.0,8,7476.0,0.0,8,7476.0
4780.0,8,12008.0,1501.0,0.0,8,7481.0,0.0,8,7481.0
4785.0,8,12048.0,1506.0,0.0,8,7486.0,0.0,8,7486.0
4790.0,8,12088.0,1511.0,0.0,8,7491.0,0.0,8,7491.0
4795.0,8,12128.0,1516.0,0.0,8,7496.0,0.0,8,7496.0
4800.0,8,12168.0,1521.0,0.0,8,7501.0,0.0,8,7501.0
4805.0,8,12208.0,1526.0,0.0,8,7506.0,0.0,8,7506.0
4810.0,8,12248.0,1531.0,0.0,8,7511.0,0.0,8,7511.0
4815.0,8,12288.0,1536.0,0.0,8,7516.0,0.0,8,7516.0
4820.0,8,12328.0,1541.0,0.0,8,7521.0,0.0,8,7521.0
4825.0,8,12368.0,1546.0,0.0,8,7526.0,0.0,8,7526.0
4830.0,8,12408.0,1551.0,0.0,8,7531.0,0.0,8,7531.0
4835.0,8,12448.0,1556.0,0.0,8,7536.0,0.0,8,7536.0
4840.0,8,12488.0,1561.0,0.0,8,7541.0,0.0,8,7541.0
4845.0,8,12528.0,1566.0,0.0,8,7546.0,0.0,8,7546.0
4850.0,8,12568.0,1571.0,0.0,8,7551.0,0.0,8,7551.0
4855.0,8,12608.0,1576.0,0.0,8,7556.0,0.0,8,7556.0
4860.0,8,12648.0,1581.0,0.0,8,7561.0,0.0,8,7561.0
4865.0,8,12688.0,1586.0,0.0,8,7566.0,0.0,8,7566.0
4870.0,8,12728.0,1591.0,0.0,8,7571.0,0.0,8,7571.0
4875.0,8,12768.0,1596.0,0.0,8,7576.0,0.0,8,7576.0
4880.0,8,12808.0,1601.0,0.0,8,7581.0,0.0,8,7581.0
4885.0,8,12848.0,1606.0,0.0,8,7586.0,0.0,8,7586.0
4890.0,8,12888.0,1611.0,0.0,8,7591.0,0.0,8,7591.0
4895.0,8,12928.0,1616.0,0.0,8,7596.0,0.0,8,7596.0
4900.0,8,12968.0,1621.0,0.0,8,7601.0,0.0,8,7601.0
4905.0,8,13008.0,1626.0,0.0,8,7606.0,0.0,8,7606.0
4910.0,8,13048.0,1631.0,0.0,8,7611.0,0.0,8,7611.0
4915.0,8,13088.0,1636.0,0.0,8,7616.0,0.0,8,7616.0
4920.0,8,13128.0,1641.0,0.0,8,7621.0,0.0,8,7621.0
4925.0,8,13168.0,1646.0,0.0,8,7626.0,0.0,8,7626.0
4930.0,8,13208.0,1651.0,0.0,8,7631.0,0.0,8,7631.0
4935.0,8,13248.0,1656.0,0.0,8,7636.0,0.0,8,7636.0
4940.0,8,13288.0,1661.0,0.0,8,7641.0,0.0,8,7641.0
4945.0,8,13328.0,1666.0,0.0,8,7646.0,0.0,8,7646.0
4950.0,8,13368.0,1671.0,0.0,8,7651.0,0.0,8,7651.0
4955.0,8,13408.0,1676.0,0.0,8,7656.0,0.0,8,7656.0
4960.0,8,13448.0,1681.0,0.0,8,7661.0,0.0,8,7661.0
4965.0,8,13488.0,1686.0,0.0,8,7666.0,0.0,8,7666.0
4970.0,8,13528.0,1691.0,0.0,8,7671.0,0.0,8,7671.0
4975.0,8,13568.0,1696.0,0.0,8,7676.0,0.0,8,7676.0
4980.0,8,13608.0,1701.0,0.0,8,7681.0,0.0,8,7681.0
4985.0,8,13648.0,1706.0,0.0,8,7686.0,0.0,8,7686.0
4990.0,8,13688.0,1711.0,0.0,8,7691.0,0.0,8,7691.0
4995.0,8,13728.0,1716.0,0.0,8,7696.0,0.0,8,7696.0
5000.0,8,13768.0,1721.0,0.0,8,7701.0,0.0,8,7701.0
5005.0,8,13808.0,1726.0,0.0,8,7706.0,0.0,8,7706.0
5010.0,8,13848.0,1731.0,0.0,8,7711.0,0.0,8,7711.0
5015.0,8,13888.0,1736.0,0.0,8,7716.0,0.0,8,7716.0
5020.0,8,13928.0,1741.0,0.0,8,7721.0,0.0,8,7721.0
5025.0,8,13968.0,1746.0,0.0,8,7726.0,0.0,8,7726.0
5030.0,8,14008.0,1751.0,0.0,8,7731.0,0.0,8,7731.0
5035.0,8,14048.0,1756.0,0.0,8,7736.0,0.0,8,7736.0
5040.0,8,14088.0,1761.0,0.0,8,7741.0,0.0,8,7741.0
5045.0,8,14128.0,1766.0,0.0,8,7746.0,0.0,8,7746.0
5050.0,8,14168.0,1771.0,0.0,8,7751.0,0.0,8,7751.0
5055.0,8,14208.0,1776.0,0.0,8,7756.0,0.0,8,7756.0
5060.0,8,14248.0,1781.0,0.0,8,7761.0,0.0,8,7761.0
5065.0,8,14288.0,1786.0,0.0,8,7766.0,0.0,8,7766.0
5070.0,8,14328.0,1791.0,0.0,8,7771.0,0.0,8,7771.0
5075.0,8,14368.0,1796.0,0.0,8,7776.0,0.0,8,7776.0
5080.0,8,14408.0,1801.0,0.0,8,7781.0,0.0,8,7781.0
5085.0,8,14448.0,1806.0,0.0,8,7786.0,0.0,8,7786.0
5090.0,8,14488.0,1811.0,0.0,8,7791.0,0.0,8,7791.0
5095.0,8,14528.0,1816.0,0.0,8,7796.0,0.0,8,7796.0
5100.0,8,14568.0,1821.0,0.0,8,7801.0,0.0,8,7801.0
5105.0,8,14608.0,1826.0,0.0,8,7806.0,0.0,8,7806.0
5110.0,8,14648.0,1831.0,0.0,8,7811.0,0.0,8,7811.0
5115.0,8,14688.0,1836.0,0.0,8,7816.0,0.0,8,7816.0
5120.0,8,14728.0,1841.0,0.0,8,7821.0,0.0,8,7821.0
5125.0,8,14768.0,1846.0,0.0,8,7826.0,0.0,8,7826.0
5130.0,8,14808.0,1851.0,0.0,8,7831.0,0.0,8,7831.0
5135.0,8,14848.0,1856.0,0.0,8,7836.0,0.0,8,7836.0
5140.0,8,14888.0,1861.0,0.0,8,7841.0,0.0,8,7841.0
5145.0,8,14928.0,1866.0,0.0,8,7846.0,0.0,8,7846.0
5150.0,8,14968.0,1871.0,0.0,8,7851.0,0.0,8,7851.0
5155.0,8,15008.0,1876.0,0.0,8,7856.0,0.0,8,7856.0
5160.0,8,15048.0,1881.0,0.0,8,7861.0,0.0,8,7861.0
5165.0,8,15088.0,1886.0,0.0,8,7866.0,0.0,8,7866.0
5170.0,8,15128.0,1891.0,0.0,8,7871.0,0.0,8,7871.0
5175.0,8,15168.0,1896.0,0.0,8,7876.0,0.0,8,7876.0
5180.0,8,15208.0,1901.0,0.0,8,7881.0,0.0,8,7881.0
5185.0,8,15248.0,1906.0,0.0,8,7886.0,0.0,8,7886.0
5190.0,8,15288.0,1911.0,0.0,8,7891.0,0.0,8,7891.0
5195.0,8,15328.0,1916.0,0.0,8,7896.0,0.0,8,7896.0
5200.0,8,15368.0,1921.0,0.0,8,7901.0,0.0,8,7901.0
5205.0,8,15408.0,1926.0,0.0,8,7906.0,0.0,8,7906.0
5210.0,8,15448.0,1931.0,0.0,8,7911.0,0.0,8,7911.0
5215.0,8,15488.0,1936.0,0.0,8,7916.0,0.0,8,7916.0
5220.0,8,15528.0,1941.0,0.0,8,7921.0,0.0,8,7921.0
5225.0,8,15568.0,1946.0,0.0,8,7926.0,0.0,8,7926.0
5230.0,8,15608.0,1951.0,0.0,8,7931.0,0.0,8,7931.0
5235.0,8,15648.0,1956.0,0.0,8,7936.0,0.0,8,7936.0
5240.0,8,15688.0,1961.0,0.0,8,7941.0,0.0,8,7941.0
5245.0,8,15728.0,1966.0,0.0,8,7946.0,0.0,8,7946.0
5250.0,8,15768.0,1971.0,0.0,8,7951.0,0.0,8,7951.0
5255.0,8,15808.0,1976.0,0.0,8,7956.0,0.0,8,7956.0
5260.0,8,15848.0,1981.0,0.0,8,7961.0,0.0,8,7961.0
5265.0,8,15888.0,1986.0,0.0,8,7966.0,0.0,8,7966.0
5270.0,8,15928.0,1991.0,0.0,8,7971.0,0.0,8,7971.0
5275.0,8,15968.0,1996.0,0.0,8,7976.0,0.0,8,7976.0
5280.0,8,16008.0,2001.0,0.0,8,7981.0,0.0,8,7981.0
5285.0,8,16048.0,2006.0,0.0,8,7986.0,0.0,8,7986.0
5290.0,8,16088.0,2011.0,0.0,8,7991.0,0.0,8,7991.0
5295.0,8,16128.0,2016.0,0.0,8,7996.0,0.0,8,7996.0
5300.0,8,16168.0,2021.0,0.0,8,8000.0,0.0,8,8000.0
5305.0,8,16208.0,2026.0,0.0,8,8000.0,0.0,8,8000.0
5310.0,8,16248.0,2031.0,0.0,8,8000.0,0.0,8,8000.0
5315.0,8,16288.0,2036.0,0.0,8,8000.0,0.0,8,8000.0
5320.0,8,16328.0,2041.0,0.0,8,8000.0,0.0,8,8000.0
5325.0,8,16368.0,2046.0,0.0,8,8000.0,0.0,8,8000.0
5330.0,8,16408.0,2051.0,0.0,8,8000.0,0.0,8,8000.0
5335.0,8,16448.0,2056.0,0.0,8,8000.0,0.0,8,8000.0
5340.0,8,16488.0,2061.0,0.0,8,8000.0,0.0,8,8000.0
5345.0,8,16528.0,2066.0,0.0,8,8000.0,0.0,8,8000.0
5350.0,8,16568.0,2071.0,0.0,8,8000.0,0.0,8,8000.0
5355.0,8,16608.0,2076.0,0.0,8,8000.0,0.0,8,8000.0
5360.0,8,16648.0,2081.0,0.0,8,8000.0,0.0,8,8000.0
5365.0,8,16688.0,2086.0,0.0,8,8000.0,0.0,8,8000.0
5370.0,8,16728.0,2091.0,0.0,8,8000.0,0.0,8,8000.0
5375.0,8,16768.0,2096.0,0.0,8,8000.0,0.0,8,8000.0
5380.0,8,16808.0,2101.0,0.0,8,8000.0,0.0,8,8000.0
5385.0,8,16848.0,2106.0,0.0,8,8000.0,0.0,8,8000.0
5390.0,8,16888.0,2111.0,0.0,8,8000.0,0.0,8,8000.0
5395.0,8,16928.0,2116.0,0.0,8,8000.0,0.0,8,8000.0
5400.0,8,16968.0,2121.0,0.0,8,8000.0,0.0,8,8000.0
